rang,id,pixelszam,terulet_m2,terulet_ha,terfogat_m3,max_melyseg_m,atlag_melyseg_m,sor,oszlop,szelen_van,eov_x,eov_y
1,3174,45164,40647600.0,4064.76,83391255.27877808,4.2380523681640625,2.051566520010482,826.2063811885572,1651.2264414135152,0,685434.7697723731,143457.57709518124
2,27,20514,18462600.0,1846.26,70630749.27520752,6.139373779296875,3.8256122797009913,510.1273276786585,236.3466413181242,1,642988.3757695114,152939.9487004782
3,5250,17717,15945300.0,1594.53,64467903.43322754,5.3028411865234375,4.043066197138187,1402.745160015804,91.74877236552464,1,638650.4397009335,126161.41373036384
4,2491,42260,38034000.0,3803.4,48221882.46002197,3.0864334106445312,1.2678625035500335,658.7111689540938,180.99503076194983,0,641327.8274528262,148482.43346221515
5,948,23518,21166200.0,2116.62,20111588.96484375,2.4876937866210938,0.950174758097521,344.9064546304958,1227.3381665107577,0,672718.1215252904,157896.57489192308
6,2747,36167,32550300.0,3255.03,12324004.204559326,1.0389633178710938,0.37861415116171976,787.8665910913263,749.5939115768518,0,658385.7938772733,144607.77079809818
7,4719,9688,8719200.0,871.92,9836513.800048828,5.3813323974609375,1.1281440728563203,934.1787778695293,1397.4826589595375,0,677822.4562987539,140218.4051947521
8,1581,10023,9020700.0,902.07,7516081.0958862305,2.8494949340820312,0.8332037531329309,383.1557417938741,743.1001696098972,0,658190.9816182647,156749.09627702174
9,10120,3485,3136500.0,313.65,6809791.923522949,4.420623779296875,2.1711436070533874,1776.5879483500717,1344.3024390243902,1,676227.0497006994,114946.1300803358
10,7760,15824,14241600.0,1424.16,6625309.707641602,3.0488128662109375,0.4652082425880239,1465.2869059656218,325.8763902932255,0,645674.2682387645,124285.1613518693
11,3378,6603,5942700.0,594.27,5978803.539276123,6.892547607421875,1.006075275426342,774.0012115704983,1792.1918824776617,0,689663.7330042976,145023.732183723
12,900,2856,2570400.0,257.04,5819573.680114746,3.4518356323242188,2.26407317153546,202.41981792717087,2085.0406162464988,0,698449.1950173627,162171.17399302282
13,970,6843,6158700.0,615.87,5576649.066925049,1.4862442016601562,0.905491267138365,249.54011398509425,812.5499050124215,0,660274.4736803403,160757.56511128513
14,5410,5596,5036400.0,503.64,5247456.317138672,2.8897171020507812,1.0419061863908092,1050.1817369549678,1870.9547891350965,0,692026.6202040206,136738.31642218892
15,41,7097,6387300.0,638.73,5085402.951049805,1.4234085083007812,0.796174119119159,59.99408200648161,305.1027194589263,1,645051.0581137355,166443.94607064352
16,5477,11623,10460700.0,1046.07,5031461.892700195,1.6896514892578125,0.48098711297524976,1124.7278671599415,193.9932031317216,0,641717.7726239194,134501.9325160397
17,2531,4370,3933000.0,393.3,5017571.280670166,3.2964019775390625,1.2757618308340113,543.7116704805492,1802.183752860412,0,689963.4891157801,151932.41841642148
18,1442,19433,17489700.0,1748.97,4517974.195861816,0.8494949340820312,0.2583219949948722,427.73184788761387,883.6226521895744,0,662406.6560956549,155411.81309420953
19,8629,3151,2835900.0,283.59,4293356.046295166,5.414039611816406,1.5139306908900758,1554.4655664868296,925.9352586480483,0,663676.0342894092,121609.80153623308
20,202,4296,3866400.0,386.64,4117919.306945801,2.345184326171875,1.065052583008949,100.71717877094972,778.6862197392924,0,659258.5631221465,165222.25316770948
21,3763,7878,7090200.0,709.02,4040181.8618774414,2.349334716796875,0.5698262195533894,790.0096471185581,513.3973089616654,0,651299.8957988177,144543.4791172812
22,6147,10989,9890100.0,989.01,4034030.3352355957,2.3707962036132812,0.40788569733729646,1371.2262262262261,807.8615888615889,0,660133.8241958154,127106.98174405118
23,9426,5789,5210100.0,521.01,4026558.7257385254,2.4984130859375,0.7728371289876442,1673.638106754189,1626.1338745897392,0,684681.99276766,118034.62532821228
24,7803,6402,5761800.0,576.18,3924716.116333008,2.0152511596679688,0.6811614627951348,1435.3277100905966,79.24570446735395,0,638275.3476639884,125183.93722812006
25,7428,6363,5726700.0,572.67,3921592.9985046387,1.3988418579101562,0.6847910661471072,1391.3823668081093,750.3273613075593,0,658407.7973691946,126502.29752659469
26,8231,3881,3492900.0,349.29,3715047.0703125,3.170928955078125,1.063599607865241,1484.0185519196084,1596.0146869363566,0,683778.4171380585,123723.21197324971
27,3816,4778,4300200.0,430.02,3618990.630340576,2.0103759765625,0.8415865844241143,750.6450397655923,326.3380075345333,0,645688.1167560037,145724.4173378702
28,5959,7725,6952500.0,695.25,3615998.991394043,1.6104202270507812,0.5201005381365038,1149.0271844660194,295.0988996763754,0,644750.943520259,133772.95299685738
29,394,1896,1706400.0,170.64,3543588.6108398438,2.8809127807617188,2.0766459275901568,99.68459915611814,72.42405063291139,0,638070.6980489551,165253.23055615442
30,6134,8636,7772400.0,777.24,3521928.9207458496,1.5686264038085938,0.4531327415915096,1205.42577582214,615.709240389069,0,654369.2537416398,132080.99525617377
31,6021,2807,2526300.0,252.63,3439514.7468566895,2.8876800537109375,1.3614830965667932,1143.0345564659779,1834.3505521909512,0,690928.4930956963,133952.7318368586
32,8674,1753,1577700.0,157.77,3415509.503173828,4.117774963378906,2.164866263024547,1556.282943525385,34.298345693097545,1,636926.9269007606,121555.2802250764
33,9480,7367,6630300.0,663.03,3403916.613006592,3.0400390625,0.5133880236198349,1686.4480792724312,218.9484186235917,0,642466.4290886755,117650.32615266502
34,5076,8725,7852500.0,785.25,3294844.985961914,3.3091049194335938,0.4195918479416637,1025.7917478510028,655.0654441260745,0,655549.9398537499,137470.0160953079
35,7728,5068,4561200.0,456.12,3016332.1266174316,2.4515762329101562,0.6613023166310251,1407.631412786109,1824.6172059984215,0,690636.4927099204,126014.82614725469
36,5159,3627,3264300.0,326.43,2736620.672607422,2.5389633178710938,0.838348397085875,974.381858285084,1866.3628342983181,0,691888.8615589173,139012.31278228544
37,7122,8727,7854300.0,785.43,2713091.033935547,1.2528076171875,0.3454274771699002,1351.4306176234675,364.3530422825713,0,646828.5677984449,127700.85000213393
38,8781,6443,5798700.0,579.87,2709754.815673828,1.1982269287109375,0.46730384666801666,1596.2040974701226,321.4856433338507,0,645542.5458299833,120357.64560673428
39,36,8425,7582500.0,758.25,2688336.3372802734,0.8956222534179688,0.35454485160306937,82.29008902077152,1006.4843916913946,1,666092.5082807096,165775.06586021482
40,1124,8826,7943400.0,794.34,2674449.831390381,0.772857666015625,0.3366882986366519,287.845230002266,1628.7907319283934,0,684761.6984878195,159608.41163077
41,3315,2363,2126700.0,212.67,2562188.2484436035,2.82586669921875,1.204771828863311,684.4257300042319,1518.294964028777,0,681446.8254508311,147710.99663071102
42,4890,4711,4239900.0,423.99,2518635.1135253906,1.691558837890625,0.59403172563631,927.3413288049246,385.15771598386755,0,647452.7080094838,140423.52866669022
43,1057,1273,1145700.0,114.57,2516579.921722412,3.9628219604492188,2.1965435294775353,226.63550667714063,165.09897879025922,0,640850.9458936756,161444.70333052374
44,5810,2810,2529000.0,252.9,2402857.527923584,2.1241302490234375,0.9501216006024452,1103.0608540925266,1611.9302491103203,0,684255.8840032774,135151.94290806216
45,654,4317,3885300.0,388.53,2301091.4932250977,1.5133132934570312,0.5922558086184072,194.4357192494788,536.0222376650452,0,651978.643659919,162410.6969533536
46,10075,4892,4402800.0,440.28,2220901.419067383,1.2577667236328125,0.504429322037654,1766.5388389206869,480.8473017170891,1,650323.3955814805,115247.60336321735
47,8610,2414,2172600.0,217.26,2189090.753173828,3.9395217895507812,1.007590331019897,1550.3827671913837,1544.5675227837614,0,682235.0022134805,121732.28551509645
48,7901,4596,4136400.0,413.64,2173943.1198120117,1.0643463134765625,0.5255640459849172,1477.3276762402088,732.498041775457,0,657872.9177832315,123923.9382436317
49,3013,2656,2390400.0,239.04,2165587.454223633,2.8437423706054688,0.905951913580837,616.5,1753.1660391566265,0,688492.9577046665,149748.76853083796
50,2321,2973,2675700.0,267.57,2152832.8147888184,1.776824951171875,0.8045867678696484,509.7013118062563,300.8059199461823,0,644922.1541283532,152952.72917665026
51,6646,2241,2016900.0,201.69,1891339.8582458496,2.4988327026367188,0.937745975628861,1244.9660865684962,1769.9076305220883,0,688995.2054456304,130894.78593378307
52,4475,3969,3572100.0,357.21,1880175.1602172852,1.6161346435546875,0.5263500910437237,851.4983623078862,280.2459057697153,0,644305.3537030593,142698.81766160138
53,1384,1132,1018800.0,101.88,1877491.9486999512,3.6590194702148438,1.842846435708629,273.62720848056534,107.62190812720848,0,639126.633773784,160034.952276421
54,8503,1867,1680300.0,168.03,1874897.5067138672,3.4519500732421875,1.115811168668611,1515.9673272629886,1349.2929833958221,0,676376.7660318424,122764.74871294829
55,373,1230,1107000.0,110.7,1798518.5554504395,4.32379150390625,1.6246780085369823,117.28048780487805,215.97967479674796,0,642377.3667738702,164725.3538966916
56,2329,2841,2556900.0,255.69,1728842.5758361816,2.2526321411132812,0.6761479040385552,500.6994016191482,596.6515311510032,0,653797.5224644978,153222.7864822635
57,6,1637,1473300.0,147.33,1639008.016204834,2.3360214233398438,1.112474048873165,41.75198533903482,2108.0952962736715,1,699140.8354181779,166991.20897066692
58,3703,2172,1954800.0,195.48,1629121.206665039,3.1899185180664062,0.8333953379706563,726.3729281767955,2127.5681399631676,0,699725.0207288627,146452.5806855341
59,1609,1033,929700.0,92.97,1606821.3500976562,3.3627471923828125,1.728322415938105,340.99322362052277,2132.8993223620523,0,699884.9562008294,158013.9718222223
60,7220,4506,4055400.0,405.54,1588863.5375976562,1.19781494140625,0.3917895984607329,1329.0916555703507,215.38393253439858,0,642359.4945059997,128371.01886372744
61,7780,1540,1386000.0,138.6,1564258.2344055176,2.6011886596679688,1.1286134447370257,1398.1831168831168,1371.6467532467532,0,677047.3791273703,126298.27502434445
62,7464,4877,4389300.0,438.93,1547818.1144714355,1.104248046875,0.35263438691167964,1438.6635226573712,566.6216936641378,0,652896.6273398919,125083.86285111682
63,8757,4300,3870000.0,387.0,1495179.4303894043,3.64898681640625,0.3863512740024301,1577.0746511627906,193.27581395348838,0,641696.2509485724,120931.52899595424
64,1445,1749,1574100.0,157.41,1469929.3327331543,1.9693756103515625,0.9338220778433101,302.4631217838765,2180.4636935391654,0,701311.8873361427,159169.87487732165
65,1295,2556,2300400.0,230.04,1457358.8035583496,1.7409591674804688,0.6335240843150537,299.2288732394366,491.2515649452269,0,650635.5234783245,159266.90233365487
66,1340,2596,2336400.0,233.64,1454897.0352172852,1.6585693359375,0.6227088834177731,279.7530816640986,1749.8281972265022,0,688392.8224467628,159851.176080915
67,9399,1343,1208700.0,120.87,1412003.0868530273,3.078704833984375,1.1681997905626105,1637.2509307520477,2230.0625465376024,0,702799.8529260958,119126.24060827654
68,9565,3324,2991600.0,299.16,1394787.8128051758,1.2590484619140625,0.4662347281739456,1690.251504211793,377.338146811071,0,647218.1209342999,117536.22340448416
69,5379,2675,2407500.0,240.75,1342510.846710205,1.2509689331054688,0.5576369041371568,1036.4183177570094,808.2564485981309,0,660145.6699879117,137151.21899812768
70,138,2871,2583900.0,258.39,1333364.8796081543,0.9891815185546875,0.5160280504695052,83.32776036224313,718.5583420411007,0,657454.7267912008,165743.93571997067
71,5643,868,781200.0,78.12,1327677.2575378418,3.0781402587890625,1.699535659930673,1056.3087557603687,15.915898617511521,1,636375.4534884931,136554.5058580269
72,1858,2220,1998000.0,199.8,1324769.4786071777,2.2107467651367188,0.6630477870906796,383.65225225225225,2004.7198198198198,0,696039.5711245623,156734.20096327038
73,4792,3221,2898900.0,289.89,1289644.2443847656,1.2895889282226562,0.44487365703707116,899.6507295870848,162.04501707544242,0,640759.327042231,141254.24664322543
74,5886,2342,2107800.0,210.78,1245658.0490112305,1.134674072265625,0.5909754478656564,1124.1985482493594,767.50512382579,0,658923.1302447414,134517.8120833572
75,1122,1646,1481400.0,148.14,1243631.3667297363,1.6731491088867188,0.8394973448965414,232.66342648845688,1297.9635479951398,0,674836.8829698219,161263.86573618426
76,2752,1636,1472400.0,147.24,1229613.230895996,2.2825393676757812,0.8351081437761452,551.7353300733496,1955.6772616136918,0,694568.2943783785,151691.70862863748
77,1985,2446,2201400.0,220.14,1145061.4196777344,1.4616928100585938,0.520151458016596,421.4215044971382,1882.9607522485692,0,692386.7990974248,155601.12339592382
78,5663,1397,1257300.0,125.73,1133551.4556884766,2.1880416870117188,0.9015759609388981,1069.4889047959914,1972.9226914817466,0,695085.6572744201,136159.1013869582
79,10228,2056,1850400.0,185.04,1129026.1322021484,1.5543975830078125,0.6101524709263664,1773.397373540856,2157.106517509728,0,700611.1720552596,115041.84732461227
80,2464,1248,1123200.0,112.32,1123390.5029296875,1.9377059936523438,1.0001696073091948,499.48878205128204,1987.1241987179487,0,695511.7024915062,153259.1050692995
81,9070,2923,2630700.0,263.07,1065587.5030517578,0.9292068481445312,0.4050585407122659,1612.5542251111872,624.4036948340746,0,654630.08737499,119867.14177750234
82,9726,1968,1771200.0,177.12,1062122.0169067383,1.32977294921875,0.5996623853357826,1682.1290650406504,1860.981199186992,0,691727.4125055776,117779.89657961845
83,7330,3409,3068100.0,306.81,1045792.7764892578,1.0779266357421875,0.34086006860573576,1341.8908770900557,591.5925491346436,0,653645.753004007,127987.04221813628
84,4088,3758,3382200.0,338.22,1039582.1159362793,0.744171142578125,0.30736861094443835,821.5907397551889,846.1623203831825,0,661282.8461414633,143596.0463381823
85,4625,3622,3259800.0,325.98,1034484.4047546387,0.6391067504882812,0.317345973604098,937.8862506902263,684.9113749309773,0,656445.317777897,140107.18101013117
86,2341,1864,1677600.0,167.76,1000806.591796875,2.2528762817382812,0.5965704529070547,490.32349785407723,533.6738197424893,0,651908.1911222424,153534.06359521564
87,2745,1528,1375200.0,137.52,999986.6271972656,1.6738662719726562,0.7271572332731716,570.583115183246,235.21465968586386,0,642954.4163205436,151126.27507534059
88,346,3795,3415500.0,341.55,997031.4765930176,0.7103271484375,0.29191376858235035,147.7159420289855,905.52279314888,0,663063.6603244342,163812.2902699684
89,6604,1526,1373400.0,137.34,995943.8301086426,1.2792816162109375,0.725166615777372,1223.9724770642201,1534.0360419397116,0,681919.0577881591,131524.59421891137
90,150,2648,2383200.0,238.32,932561.9041442871,0.825164794921875,0.39130660630424935,82.1117824773414,630.066087613293,0,654799.9591583665,165780.41505651773
91,3723,1234,1110600.0,111.06,920590.1847839355,2.2341079711914062,0.8289124660399203,711.3038897893031,1422.8833063209076,0,678584.475719595,146904.65183715886
92,10254,1424,1281600.0,128.16,901257.6461791992,2.46319580078125,0.7032285004519345,1779.8960674157304,1417.3799157303372,0,678419.3740018778,114846.88650836605
93,1371,3028,2725200.0,272.52,886307.6225280762,1.0202102661132812,0.3252266338353428,339.8299207397622,339.8299207397622,0,646092.8741521606,158048.8709086451
94,1162,1474,1326600.0,132.66,869653.4339904785,1.5171966552734375,0.6555506060534287,240.7998643147897,2182.130936227951,0,701361.9046168063,161019.77260139427
95,9742,1408,1267200.0,126.72,858791.0110473633,1.7262496948242188,0.6777075529098511,1682.7670454545455,2212.809659090909,0,702282.266302695,117760.75716720159
96,8003,1879,1691100.0,169.11,855078.0715942383,1.5971145629882812,0.5056342449259289,1451.3826503459286,480.98829164449177,0,650327.6252793025,124702.2890204601
97,1133,1346,1211400.0,121.14,845957.2151184082,1.602783203125,0.6983302089470103,238.68573551263,742.5928677563151,0,658175.7625626572,161083.19646545907
98,10632,388,349200.0,34.92,812780.2963256836,4.141578674316406,2.3275495312877537,1779.0953608247423,196.50515463917526,0,641793.131169143,114870.90770609569
99,780,1013,911700.0,91.17,811636.7088317871,1.5409698486328125,0.8902453754873172,174.48469891411648,703.533070088845,0,657003.9686326331,163009.22756341446
100,8544,267,240300.0,24.03,799684.1949462891,7.15472412109375,3.3278576568717813,1497.194756554307,919.6666666666666,0,663487.9765299677,123327.92583420876
101,619,588,529200.0,52.92,796397.2984313965,3.3424606323242188,1.5049079713367282,139.49659863945578,2006.107142857143,0,696081.190815682,164058.8705716543
102,3039,1930,1737000.0,173.7,783390.6326293945,1.0318679809570312,0.4510020913237735,619.0735751295337,922.0222797927461,0,663558.6449237501,149671.56127695195
103,31,2008,1807200.0,180.72,782686.4433288574,1.540802001953125,0.43309342813681795,27.285358565737052,815.1782868525896,1,660353.3251355455,167425.20777386584
104,4153,1145,1030500.0,103.05,768696.1029052734,1.435211181640625,0.7459447869046807,777.2995633187772,2081.2288209606986,0,698334.8411587887,144924.78163127464
105,85,2778,2500200.0,250.02,764959.3711853027,0.7971038818359375,0.3059592717323825,81.72138228941685,445.56875449964,0,649265.0391649569,165792.12706215546
106,2133,1036,932400.0,93.24,759619.0406799316,1.9849319458007812,0.8146922358214626,454.70752895752895,2226.1505791505792,0,702682.4939044851,154602.5426621121
107,10463,2179,1961100.0,196.11,757839.111328125,0.9878005981445312,0.38643573062471315,1788.0247820100965,630.9173932996788,1,654825.498328958,114603.02507053506
108,5409,1458,1312200.0,131.22,755820.9915161133,1.2712478637695312,0.57599526864511,1031.3621399176955,1409.868998628258,0,678194.0464888155,137302.9043333071
109,1940,986,887400.0,88.74,754144.7319030762,1.588836669921875,0.8498362991921075,402.9320486815416,2144.759634888438,0,700240.7655766208,156155.80707039172
110,1464,1360,1224000.0,122.4,737067.9885864258,1.9152069091796875,0.6021797292372759,295.8095588235294,1975.2632352941177,0,695155.8735887912,159369.48176613208
111,522,2461,2214900.0,221.49,716724.3713378906,2.7691574096679688,0.3235922034122943,190.48232425843153,374.35960991466885,0,647128.7648274078,162529.29880308502
112,6282,2436,2192400.0,219.24,713086.6264343262,1.02093505859375,0.32525388908699426,1199.412972085386,490.4720853858785,0,650612.1390915441,132261.3793682764
113,2868,884,795600.0,79.56,712494.5251464844,2.7108688354492188,0.8955436464887938,579.6821266968326,1441.7013574660634,0,679149.0172539497,150853.30472993298
114,523,2824,2541600.0,254.16,708113.0195617676,2.0705337524414062,0.278609151543031,152.43767705382436,838.7769121813031,0,661061.2838954069,163670.63821922324
115,6935,1594,1434600.0,143.46,701822.1176147461,1.1151351928710938,0.48921101186027194,1273.7659974905896,18.075282308657467,1,636440.2349992275,130030.78860612027
116,1007,873,785700.0,78.57,701652.921295166,1.836944580078125,0.8930290458128625,203.25887743413517,2205.9324169530355,0,702075.9490385588,162146.0022078139
117,5081,2353,2117700.0,211.77,695378.2516479492,1.2277603149414062,0.3283648541568443,957.27199320017,212.47768805779856,0,642272.3071717017,139525.60873483284
118,4660,1627,1464300.0,146.43,693760.1577758789,2.0091323852539062,0.47378280255130706,884.2126613398893,1115.099569760295,0,669350.9636227766,141717.38869064127
119,10198,1485,1336500.0,133.65,683576.1611938477,1.2397842407226562,0.5114673858539825,1748.647138047138,146.42424242424244,0,640290.703802695,115784.35438942382
120,3838,1118,1006200.0,100.62,675290.1351928711,1.4492416381835938,0.6711291345586077,732.6538461538462,1155.262969588551,0,670555.8656176243,146264.15314622258
121,5608,1407,1266300.0,126.63,667211.222076416,1.349456787109375,0.5268982248096155,1062.4235963041933,321.3688699360341,0,645539.0426280488,136371.06064171216
122,23,2213,1991700.0,199.17,658335.8413696289,0.75286865234375,0.3305396602749555,49.46949841843651,1174.2661545413466,1,671125.9611662081,166759.68357828486
123,8782,2141,1926900.0,192.69,656247.127532959,1.0314178466796875,0.340571450273994,1599.1569360112096,478.83372255955163,0,650262.9882067543,120269.06045050167
124,3480,999,899100.0,89.91,655484.2506408691,3.388214111328125,0.7290448789243344,662.1161161161161,1166.6076076076076,0,670896.204758196,148380.28504735447
125,5933,748,673200.0,67.32,649925.7179260254,2.3348617553710938,0.9654273884819153,1113.3235294117646,1334.8542780748662,0,675943.6048722137,134844.062648485
126,7512,768,691200.0,69.12,644967.0936584473,2.2813491821289062,0.9331121146678925,1354.4127604166667,1504.703125,0,681039.0702799677,127611.38571833796
127,4938,1615,1453500.0,145.35,634312.2367858887,1.1785202026367188,0.43640332768206996,932.7102167182662,262.87739938080495,0,643784.2985113919,140262.46202928998
128,6080,1928,1735200.0,173.52,626058.0299377441,1.015899658203125,0.3607987724399171,1155.0788381742739,427.16753112033194,0,648713.0024635777,133591.40338560974
129,10609,514,462600.0,46.26,624843.1411743164,2.572845458984375,1.350720149533758,1787.2996108949417,1496.579766536965,0,680795.3695260767,114624.7802039897
130,6992,1785,1606500.0,160.65,624019.6060180664,1.2867279052734375,0.38843423966266194,1274.8190476190475,199.55126050420168,0,641884.5143450937,129999.19710226654
131,8334,1030,927000.0,92.7,602267.4041748047,1.5005722045898438,0.6496951501346329,1486.1766990291262,1655.047572815534,0,685549.4037144338,123658.46755996416
132,2172,543,488700.0,48.87,599951.7471313477,2.0688934326171875,1.2276483469026962,442.62615101289134,2125.0092081031307,0,699648.2527730616,154964.98400045122
133,5648,1003,902700.0,90.27,593478.9939880371,1.5696640014648438,0.6574487581566822,1057.5722831505484,2175.020937188435,0,701148.6046456208,136516.6000363215
134,10735,1999,1799100.0,179.91,588545.2606201172,0.650390625,0.3271331558113041,1811.343671835918,1584.751875937969,1,683440.5328081069,113903.45837576041
135,44,1932,1738800.0,173.88,583821.9772338867,0.713165283203125,0.33576143158148536,55.100931677018636,576.4575569358178,1,653191.7032380423,166590.7405805274
136,1942,1171,1053900.0,105.39,567079.5135498047,1.1976776123046875,0.5380771549006591,405.45772843723313,586.0187873612297,0,653478.5401508047,156080.03667772096
137,156,839,755100.0,75.51,560353.1341552734,1.7343521118164062,0.7420912914253389,46.847437425506556,2170.4386174016686,0,701011.1350520178,166838.34540807275
138,3130,814,732600.0,73.26,559151.9714355469,1.6368637084960938,0.7632432042527257,613.3230958230959,1961.3673218673218,0,694738.9961859874,149844.07565614508
139,9709,845,760500.0,76.05,558267.5720214844,2.4847869873046875,0.7340796476285133,1678.7668639053254,1335.2816568047338,0,675956.4262341098,117880.7626136782
140,763,1448,1303200.0,130.32,549379.9003601074,0.8439178466796875,0.42156223170665086,178.13674033149172,971.0704419889503,0,665030.0897896362,162899.66632089322
141,657,1146,1031400.0,103.14,544280.8708190918,1.2294464111328125,0.5277107531695674,158.8717277486911,1789.7792321116929,0,689591.3534933185,163477.6166983772
142,2199,829,746100.0,74.61,539091.1354064941,1.8907928466796875,0.7225454167088784,444.5778045838359,621.4185765983112,0,654540.5338279171,154906.43439332288
143,1484,1220,1098000.0,109.8,536995.3834533691,0.9295578002929688,0.48906683374623783,298.2483606557377,1372.7393442622952,0,677080.1568578366,159296.31771116582
144,1467,1862,1675800.0,167.58,536111.2998962402,0.651519775390625,0.31991365311865394,305.1267454350161,1489.640708915145,0,680587.1977974221,159089.96616778747
145,863,392,352800.0,35.28,528254.0565490723,2.9803619384765625,1.4973187543907944,177.68367346938774,2024.7576530612246,0,696640.7061218044,162913.25832675633
146,8005,471,423900.0,42.39,527461.8461608887,2.6522064208984375,1.244307256807947,1415.7494692144373,1493.7622080679405,0,680710.8427720059,125771.28445440484
147,5574,842,757800.0,75.78,518915.08026123047,1.8592681884765625,0.6847652154410536,1040.5902612826603,359.12589073634206,0,646671.753252058,137026.06069235815
148,7259,1959,1763100.0,176.31,517991.78924560547,0.8108062744140625,0.2937960349643273,1333.6717713118937,434.2353241449719,0,648925.0362543169,128233.61539148114
149,864,894,804600.0,80.46,511880.85708618164,1.2948532104492188,0.6361929618272205,202.63087248322148,291.09395973154363,0,644630.795321914,162164.8423563413
150,1803,1571,1413900.0,141.39,509193.1343078613,1.0256423950195312,0.3601337678109211,390.8345003182686,391.25907065563337,0,647635.7486496367,156518.7335212899
151,6769,1044,939600.0,93.96,506306.25,1.28424072265625,0.538852969348659,1238.5986590038315,1464.0718390804598,0,679820.1317023815,131085.808760723
152,3356,1122,1009800.0,100.98,499388.77029418945,0.9099502563476562,0.49454225618359027,650.3966131907308,2254.9286987522282,0,703545.8374925345,148731.87013511604
153,2819,816,734400.0,73.44,496852.734375,1.5405502319335938,0.6765423943014706,567.969362745098,1899.8921568627452,0,692894.7412358501,151204.687648485
154,2016,1571,1413900.0,141.39,495486.0694885254,1.0961990356445312,0.35043925984053004,416.94971355824316,457.70528325907065,0,649629.1350277398,155735.27712409067
155,6345,1328,1195200.0,119.52,494027.3048400879,0.8013992309570312,0.4133427918675434,1188.2643072289156,15.441265060240964,1,636361.214481775,132595.83931397047
156,4274,413,371700.0,37.17,492349.9122619629,3.9093704223632812,1.32458948684951,790.8813559322034,67.43099273607749,0,637920.9063120501,144517.32785287185
157,9901,901,810900.0,81.09,483165.82946777344,1.322265625,0.5958389807223744,1699.534961154273,1929.2130965593785,0,693774.3694267491,117257.71969620977
158,472,448,403200.0,40.32,482596.67587280273,1.9428634643554688,1.1969163588115148,110.39955357142857,1740.4575892857142,0,688111.7042085392,164931.7819236951
159,3355,888,799200.0,79.92,480882.568359375,1.7226943969726562,0.6017049153645834,649.6756756756756,2065.063063063063,0,697849.8684218596,148753.4982605677
160,1652,1228,1105200.0,110.52,476446.90704345703,0.8913803100585938,0.4310956451714233,343.72638436482083,428.05781758957653,0,648739.711057655,157931.97699989332
161,5059,1199,1079100.0,107.91,475971.1784362793,1.0733108520507812,0.4410816221261044,944.7047539616347,2023.2368640533778,0,696595.082451569,139902.62591198893
162,1217,563,506700.0,50.67,475527.4887084961,1.9298171997070312,0.9384793540724218,238.71403197158082,2308.3818827708706,0,705149.4330130939,161082.34757169054
163,1666,255,229500.0,22.95,474991.11557006836,3.9410171508789062,2.0696780634861365,325.57254901960783,2156.3607843137256,0,700588.8000593795,158476.59206024974
164,3295,1584,1425600.0,142.56,468444.7196960449,0.7668533325195312,0.32859478093156913,657.0738636363636,1016.3806818181819,0,666389.3969845132,148531.55262174705
165,8620,1416,1274400.0,127.44,467677.6542663574,1.0807266235351562,0.3669786992046119,1533.9110169491526,573.6292372881356,0,653106.8536486118,122226.43802236338
166,4238,1206,1085400.0,108.54,462761.25869750977,1.0877304077148438,0.42635089247973995,818.8134328358209,981.5663349917081,0,665344.966579719,143679.36554576334
167,7789,457,411300.0,41.13,459101.8501281738,2.5593490600585938,1.1162213715734837,1379.8884026258206,1630.9015317286653,0,684825.0224818276,126847.11645206335
168,6163,1098,988200.0,98.82,457046.9741821289,1.1218719482421875,0.46250452760790217,1170.0719489981784,2052.693078324226,0,697478.7688796945,133141.6100608926
169,364,385,346500.0,34.65,454899.4903564453,2.6749649047851562,1.3128412420099431,85.42857142857143,2046.3090909090909,0,697287.2492572404,165680.91138798083
170,2948,1374,1236600.0,123.66,445995.78552246094,0.76629638671875,0.36066293508204833,579.1542940320232,511.0,0,651227.9765299677,150869.13970987726
171,9333,699,629100.0,62.91,441388.2499694824,1.5622024536132812,0.7016185820529048,1618.2203147353362,2325.758226037196,1,705670.7233110836,119697.15908877787
172,4235,165,148500.0,14.85,440174.8374938965,5.468376159667969,2.9641403198242187,778.6181818181818,2165.9757575757576,0,700877.2492572404,144885.2230762925
173,6417,898,808200.0,80.82,436186.669921875,1.5640716552734375,0.5397013980721047,1190.2850779510022,2168.030066815145,0,700938.878534422,132535.21619230788
174,8234,1231,1107900.0,110.79,435580.26580810547,1.0323638916015625,0.3931584671974957,1468.3330625507717,2277.939886271324,0,704236.1731181075,124193.7766543148
175,8543,501,450900.0,45.09,434378.12118530273,2.0099411010742188,0.963357997749618,1501.3373253493014,1566.3433133732535,0,682888.2759311653,123203.64877035891
176,6348,791,711900.0,71.19,434057.37533569336,1.1748046875,0.609716779513546,1181.6194690265486,1542.6068268015172,0,682176.1813340132,132795.1844600415
177,3827,1399,1259100.0,125.91,433756.34994506836,0.8864593505859375,0.34449714077124005,718.915654038599,402.9592566118656,0,647986.7542283237,146676.29890968
178,8870,464,417600.0,41.76,431654.76837158203,2.2714996337890625,1.0336560545296505,1563.4245689655172,870.875,0,662024.2265299677,121341.03146187245
179,10918,781,702900.0,70.29,431367.9153442383,1.5314178466796875,0.6136974183301156,1819.2765685019206,1800.9807938540332,1,689927.4003455887,113665.47147578034
180,6360,581,522900.0,52.29,429894.55947875977,1.4854049682617188,0.8221353212445205,1177.9931153184166,1902.9931153184166,0,692987.7699895202,132903.97507128544
181,5719,1379,1241100.0,124.11,429809.1133117676,1.19097900390625,0.34631303949058706,1084.1283538796229,434.35968092820883,0,648928.766957814,135719.91791444927
182,417,1302,1171800.0,117.18,425167.5132751465,2.0495452880859375,0.3628328326294133,114.31336405529954,560.768049155146,0,652721.0180046221,164814.36760917897
183,8155,598,538200.0,53.82,424624.9053955078,1.5955581665039062,0.7889723251495872,1464.1421404682274,17.889632107023413,0,636434.6654931784,124319.50431679114
184,706,755,679500.0,67.95,416781.78634643555,1.7425537109375,0.6133653956533268,168.30728476821193,452.1046357615894,0,649461.1156028154,163194.5499877916
185,6617,767,690300.0,69.03,411718.4211730957,1.5167160034179688,0.5964340448690362,1222.2724902216428,2019.1968709256844,0,696473.8826577383,131575.5938241887
186,4022,186,167400.0,16.74,407634.34982299805,6.0746002197265625,2.4350916954778854,756.4247311827957,55.05913978494624,0,637549.7507235161,145551.02659535408
187,3568,579,521100.0,52.11,406563.8626098633,2.45184326171875,0.7802031521970126,670.1709844559585,1237.7944732297065,0,673031.8107268589,148138.6389971592
188,10549,980,882000.0,88.2,403958.5647583008,1.0809555053710938,0.4580029078892299,1790.504081632653,106.50102040816327,0,639093.0071422126,114528.64608185837
189,8437,728,655200.0,65.52,403684.92279052734,1.4592742919921875,0.6161247295337718,1496.9642857142858,1688.6620879120878,0,686557.8391673304,123334.83995940938
190,5910,857,771300.0,77.13,401068.8171386719,1.1626052856445312,0.5199906873313521,1106.171528588098,2303.8809801633606,1,705014.4059348686,135058.62267319503
191,5749,533,479700.0,47.97,390828.15856933594,2.290191650390625,0.8147345394399331,1066.6041275797372,2253.236397748593,0,703495.0684624255,136245.64470344584
192,6806,840,756000.0,75.6,380311.2075805664,0.9066696166992188,0.503057152884347,1240.9571428571428,1024.4583333333333,0,666631.7265299677,131015.05424512367
193,9620,652,586800.0,58.68,378870.1858520508,1.6156158447265625,0.6456547134493026,1668.105828220859,1246.782208588957,0,673301.4427876364,118200.59368421219
194,6077,601,540900.0,54.09,378442.7421569824,1.798736572265625,0.699653803211282,1131.5307820299502,1278.2595673876872,0,674245.7635515984,134297.84506993945
195,1761,261,234900.0,23.49,376681.27670288086,2.7225723266601562,1.6035814248739075,352.3869731800766,282.62452107279694,0,644376.7121621517,157672.15933543566
196,6216,838,754200.0,75.42,374563.95721435547,0.8579483032226562,0.49663743995539045,1164.8556085918854,850.13723150358,0,661402.0934750751,133298.1002730814
197,9239,1174,1056600.0,105.66,371766.1926269531,0.6769332885742188,0.35185140320552066,1617.3032367972742,47.38160136286201,0,637319.4245708536,119724.67142691973
198,1263,562,505800.0,50.58,371452.40936279297,1.7183761596679688,0.7343859418006978,246.35053380782918,1813.594306049822,0,690305.8057114624,160853.2525166031
199,9970,885,796500.0,79.65,370205.3237915039,1.2980499267578125,0.46479011147709215,1706.7276836158192,1213.476836158192,0,672302.2816147135,117041.93802236338
200,5116,1262,1135800.0,113.58,366073.4619140625,0.9190444946289062,0.32230450952109746,959.9706814580031,309.73613312202855,0,645190.0605236286,139444.64808709786
201,10926,181,162900.0,16.29,365589.44549560547,4.272987365722656,2.2442568784260617,1812.5911602209944,144.7403314917127,0,640240.1864747191,113866.03372420813
202,10687,441,396900.0,39.69,361248.7335205078,2.2350921630859375,0.9101756954409368,1787.0430839002267,1114.8480725623583,0,669343.4187068385,114632.47601383115
203,5741,728,655200.0,65.52,360396.826171875,1.3281173706054688,0.5500562060010302,1073.1703296703297,1394.940934065934,0,677746.2045519458,136048.65864072807
204,4770,1278,1150200.0,115.02,355832.83767700195,0.6668472290039062,0.3093660560572091,894.5954616588419,2299.3607198748045,0,704878.7981262119,141405.9046810727
205,7946,442,397800.0,39.78,353172.29919433594,2.0500030517578125,0.8878137234648967,1410.2511312217196,1050.1289592760181,0,667401.8453082483,125936.23459418638
206,2992,594,534600.0,53.46,350655.2764892578,2.7456130981445312,0.655920831442682,589.9006734006734,1515.7070707070707,0,681369.1886511799,150546.74832881775
207,10446,74,66600.0,6.66,349596.42791748047,9.87481689453125,5.249195614376584,1754.1756756756756,2294.2567567567567,0,704725.6792326705,115618.49826056769
208,3580,513,461700.0,46.17,347591.4161682129,2.1703262329101562,0.7528512370981436,677.6003898635478,1556.943469785575,0,682606.2806235349,147915.75683493153
209,2509,415,373500.0,37.35,347575.76751708984,1.7318267822265625,0.9305910776896649,499.9156626506024,1465.9301204819278,0,679875.8801444256,153246.2986513199
210,10089,596,536400.0,53.64,345937.3764038086,1.5187225341796875,0.6449242662263397,1721.5838926174497,1521.2080536912752,0,681534.218140706,116596.25175231448
211,6889,491,441900.0,44.19,342914.6255493164,1.9802703857421875,0.776000510408048,1251.9226069246436,1389.6089613034624,0,677586.2453690716,130686.09032309864
212,8265,208,187200.0,18.72,339807.10830688477,3.3696441650390625,1.815208911895752,1451.9951923076924,870.9423076923077,0,662026.245760737,124683.91276160718
213,11002,598,538200.0,53.82,339760.5400085449,1.5267257690429688,0.631290486823755,1826.3862876254182,368.22240802675583,1,646944.6487707704,113452.17990207541
214,835,322,289800.0,28.98,338913.1645202637,2.140167236328125,1.169472617392214,170.6055900621118,1439.2701863354037,0,679076.0821200298,163125.6008289746
215,4213,1033,929700.0,92.97,338497.38006591797,0.8528366088867188,0.36409312688600404,786.6156824782188,1199.6602129719265,0,671887.7829191255,144645.2980564914
216,9209,797,717300.0,71.73,335989.9703979492,1.041351318359375,0.4684092714316872,1612.1518193224592,565.9824341279799,0,652877.4495538071,119879.21395116419
217,7949,350,315000.0,31.5,335259.62677001953,1.785858154296875,1.0643162754603794,1406.3314285714287,1601.6571428571428,0,683947.690815682,126053.8256736951
218,3648,608,547200.0,54.72,335258.17108154297,1.8843460083007812,0.61267940621627,696.4128289473684,2050.1743421052633,0,697403.2067931256,147351.3836624169
219,3064,1333,1199700.0,119.97,331497.05657958984,0.5732040405273438,0.27631662630623477,634.1912978244561,807.7276819204801,0,660129.8069875821,149218.0295961043
220,7315,947,852300.0,85.23,331450.3028869629,0.7702255249023438,0.38888924426488664,1328.351636747624,31.58922914466737,0,636845.6534043078,128393.21942840924
221,815,129,116100.0,11.61,329031.1752319336,3.8900375366210938,2.834032517070918,177.58139534883722,234.32558139534885,0,642927.7439718283,162916.32667037283
222,1369,477,429300.0,42.93,326660.87493896484,1.9097900390625,0.760915152431784,270.1006289308176,2237.832285115304,0,703032.9450834269,160140.74966291344
223,2953,312,280800.0,28.08,325987.72888183594,2.412261962890625,1.1609249604053986,573.5544871794872,2118.105769230769,0,699441.1496068909,151037.13391545333
224,10199,1246,1121400.0,112.14,325774.600982666,2.2576065063476562,0.2905070456417567,1751.8555377207063,557.8202247191011,0,652632.5832715408,115688.10239921676
225,5384,861,774900.0,77.49,319852.8259277344,1.1550064086914062,0.4127665839821066,1004.9186991869918,78.33797909407666,0,638248.11590279,138096.2075552282
226,7396,456,410400.0,41.04,319504.5593261719,1.5225296020507812,0.7785198813990543,1321.1118421052631,2229.4758771929824,0,702782.2528457572,128610.41326768007
227,7018,1531,1377900.0,137.79,318893.72634887695,0.6772308349609375,0.23143459347476375,1282.4363161332462,706.9314173742652,0,657105.9190511957,129770.67904684058
228,4889,87,78300.0,7.83,318610.6979370117,6.4560546875,4.069102144789421,895.8045977011494,49.54022988505747,0,637384.1834265195,141369.63059980347
229,6888,495,445500.0,44.55,317139.02435302734,1.6163482666015625,0.7118721085365373,1257.5232323232324,1269.0747474747475,0,673970.2189542102,130518.071561141
230,7907,628,565200.0,56.52,316965.94161987305,1.4747085571289062,0.560803152193689,1411.75,945.8614649681529,0,664273.8204790123,125891.26853083796
231,9577,672,604800.0,60.48,316092.3568725586,1.1911163330078125,0.5226394789559501,1656.361607142857,1172.5119047619048,0,671073.3336728249,118552.92031655225
232,5315,1242,1117800.0,111.78,313151.39923095703,0.8269195556640625,0.28014975776610934,986.9130434782609,422.487922705314,0,648572.6142111272,138636.37722649012
233,6650,405,364500.0,36.45,310363.25454711914,1.98291015625,0.8514766928590374,1210.5012345679013,1454.0641975308642,0,679519.9024558937,131928.73149380094
234,6527,401,360900.0,36.09,309934.3620300293,2.1324691772460938,0.8587818288446365,1196.2543640897757,2275.6758104738155,0,704168.2508441822,132356.1376081447
235,9293,431,387900.0,38.79,309409.716796875,2.3572998046875,0.7976533044518561,1622.0556844547564,897.9211136890951,0,662835.6099406406,119582.09799719526
236,9552,1033,929700.0,92.97,304655.3695678711,1.0542526245117188,0.3276921260276122,1663.1994191674735,658.9283639883834,0,655665.8274496192,118347.78595581376
237,5836,891,801900.0,80.19,303588.0271911621,0.8837127685546875,0.3785858924942787,1089.0437710437711,125.4668911335578,0,639661.9832639744,135572.45539952483
238,4822,913,821700.0,82.17,302031.4292907715,0.868896484375,0.36756897808296396,908.3537787513691,75.32858707557503,0,638157.834142235,140993.1551682969
239,481,301,270900.0,27.09,297877.8968811035,2.2228164672851562,1.099586182654498,105.08305647840531,2120.2358803986713,0,699505.0529419279,165091.2768364858
240,1298,397,357300.0,35.73,295858.60290527344,1.9263534545898438,0.8280397506444821,304.84886649874056,444.78589420654913,0,649241.5533561643,159098.30253587573
241,2761,542,487800.0,48.78,295806.64443969727,1.6663742065429688,0.6064096851982314,545.0018450184502,1998.6734317343173,0,695858.1794819973,151893.71318028445
242,9900,407,366300.0,36.63,291548.37799072266,1.7406768798828125,0.7959278678425407,1698.8304668304668,1488.8058968058967,0,680562.1534341447,117278.85452592396
243,9892,1124,1011600.0,101.16,290182.37228393555,0.912994384765625,0.28685485595485916,1700.282028469751,711.6281138790035,0,657246.8199463378,117235.30767674543
244,8686,548,493200.0,49.32,289032.4676513672,1.8251953125,0.586035011458571,1531.8430656934306,2185.0,0,701447.9765299677,122288.47656003504
245,519,574,516600.0,51.66,287903.7254333496,1.1230239868164062,0.557304927280971,123.7979094076655,1822.2891986062718,0,690566.6524881559,164529.83124860798
246,3182,674,606600.0,60.66,284265.60974121094,1.0148696899414062,0.4686211832199323,614.9406528189911,2162.0207715133533,0,700758.5996753683,149795.54894626822
247,837,576,518400.0,51.84,279339.5050048828,1.1973190307617188,0.5388493537902832,180.57986111111111,2143.03125,0,700188.9140299677,162826.37269750462
248,10633,471,423900.0,42.39,277472.7424621582,1.8190155029296875,0.6545712254356174,1782.8747346072187,230.5095541401274,0,642813.2631541715,114757.5264926214
249,923,864,777600.0,77.76,276808.24813842773,0.8186798095703125,0.3559776853632044,198.95833333333334,669.0277777777778,0,655968.8098633011,162275.01853083796
250,7921,259,233100.0,23.31,275809.5153808594,2.6944198608398438,1.183224004207891,1396.127413127413,1667.3397683397684,0,685918.1695801608,126359.94613701556
251,6267,580,522000.0,52.2,271738.8816833496,1.788848876953125,0.5205725702746161,1167.5724137931034,1582.0913793103448,0,683360.7179092781,133216.59611704486
252,9721,627,564300.0,56.43,268962.3481750488,0.9108734130859375,0.4766300694223796,1668.0829346092503,491.89473684210526,0,650654.8186352309,118201.28049256044
253,2796,267,240300.0,24.03,268151.2756347656,1.561309814453125,1.1159021041812969,545.9363295880149,342.34831460674155,0,646168.4259681699,151865.67864319752
254,8976,254,228600.0,22.86,265705.8494567871,3.3333053588867188,1.1623178016482376,1577.1653543307086,2185.1771653543306,0,701453.2914905977,120928.8079009167
255,10767,407,366300.0,36.63,263841.42150878906,1.9339141845703125,0.7202878010067951,1804.3194103194103,1033.3513513513512,0,666898.5170705083,114114.18622125566
256,3192,641,576900.0,57.69,263437.3374938965,1.3494110107421875,0.4566429840421156,627.009360374415,386.1731669266771,0,647483.1715377681,149433.4877196055
257,3615,714,642600.0,64.26,260650.6965637207,0.9557418823242188,0.4056188866537826,693.4187675070028,1304.7843137254902,0,675041.5059417324,147441.20550562788
258,8868,705,634500.0,63.45,257397.13668823242,0.7568206787109375,0.40566924615954675,1563.6212765957446,660.1531914893617,0,655702.5722746486,121335.13023296563
259,2965,608,547200.0,54.72,256090.3060913086,1.03436279296875,0.4680012903715435,575.2746710526316,2280.8273026315787,0,704322.7956089152,150985.52839925903
260,3756,738,664200.0,66.42,253367.24853515625,1.0725326538085938,0.3814622832507622,707.2073170731708,959.5433604336043,0,664684.2773429758,147027.54901864284
261,4147,123,110700.0,11.07,251553.24096679688,4.256965637207031,2.2723870006034046,768.089430894309,1062.1951219512196,0,667763.8301885043,145201.0856040087
262,286,774,696600.0,69.66,250918.9453125,0.9878692626953125,0.3602052042958656,81.32558139534883,2252.607235142119,0,703476.1935842313,165804.0010889775
263,2322,342,307800.0,30.78,248876.44271850586,1.6360244750976562,0.8085654409308183,470.07894736842104,510.6929824561403,0,651218.7660036519,154141.40010978532
264,8272,180,162000.0,16.2,246949.03564453125,2.5232696533203125,1.5243767632378473,1449.9444444444443,1336.4833333333333,0,675992.4765299677,124745.43519750463
265,5489,895,805500.0,80.55,246720.6573486328,0.9603195190429688,0.30629504326335544,1051.3932960893856,572.2022346368715,0,653064.0435690739,136701.9696481564
266,5829,604,543600.0,54.36,244159.51080322266,1.0923538208007812,0.4491528896306524,1090.16059602649,1123.0281456953642,0,669588.8209008287,135538.95065004326
267,2282,714,642600.0,64.26,243998.70529174805,0.8749542236328125,0.37970542373443517,466.65406162464984,1655.217086834734,0,685554.4891350097,154244.14668209845
268,4010,130,117000.0,11.7,243588.07067871094,4.785896301269531,2.0819493220402645,752.0615384615385,289.75384615384615,0,644590.5919145831,145681.9223769918
269,6129,447,402300.0,40.23,243164.9803161621,1.0647659301757812,0.6044369383946361,1145.0738255033557,1968.1073825503356,0,694941.1980064778,133891.55376573728
270,10867,200,180000.0,18.0,242736.5135192871,2.3170089721679688,1.3485361862182617,1810.585,769.08,0,658970.3765299678,113926.21853083796
271,10364,353,317700.0,31.77,240558.01391601562,1.7708587646484375,0.7571860683538421,1752.416430594901,2257.237960339943,0,703615.115340166,115671.27561299092
272,598,353,317700.0,31.77,239168.8751220703,1.69708251953125,0.7528135823798248,132.75637393767704,2213.827195467422,0,702312.7923939904,164261.07731270764
273,5032,743,668700.0,66.87,238867.75360107422,0.8350830078125,0.3572121333947573,928.8869448183042,1502.1547779273217,0,680962.6198677873,140377.16018628882
274,988,789,710100.0,71.01,237800.21896362305,0.9151382446289062,0.334882719284077,202.78453738910014,1986.4613434727503,0,695491.8168341502,162160.23240916495
275,9899,88,79200.0,7.92,237481.86950683594,4.53839111328125,2.9985084533691406,1686.0113636363637,2256.5113636363635,0,703593.3174390587,117663.42762174705
276,1311,601,540900.0,54.09,234031.35223388672,0.9564895629882812,0.43267027589921747,259.7587354409318,1428.3926788685524,0,678749.7568960243,160451.00646761002
277,10822,50,45000.0,4.5,233528.2814025879,7.487922668457031,5.1895173645019534,1797.98,200.14,0,641902.1765299677,114304.36853083796
278,4266,471,423900.0,42.39,232865.19470214844,2.7269821166992188,0.5493399261668989,792.1910828025477,1496.9108280254777,0,680805.301370732,144478.03604676152
279,2732,406,365400.0,36.54,230682.62329101562,1.34271240234375,0.631315334677109,543.6256157635468,1866.6600985221676,0,691897.7794856328,151935.00005793155
280,1322,954,858600.0,85.86,230216.96090698242,1.5344009399414062,0.2681306323165414,262.1498951781971,712.7578616352201,0,657280.7123790244,160379.27167549205
281,2180,795,715500.0,71.55,227908.65783691406,0.6927261352539062,0.3185306189195165,453.4251572327044,1111.0880503144654,0,669230.6180394017,154641.0138138568
282,1349,413,371700.0,37.17,227254.38079833984,1.277984619140625,0.6113919311227868,256.89830508474574,2254.271186440678,0,703526.1121231881,160536.8193782956
283,1855,322,289800.0,28.98,226046.26235961914,1.7564620971679688,0.7800078066239445,371.67391304347825,1157.444099378882,0,670621.2995113342,157093.5511395336
284,9907,998,898200.0,89.82,225220.1385498047,0.7820053100585938,0.2507460905698115,1699.0591182364728,2152.244488977956,0,700465.3111993064,117271.99498374377
285,10130,346,311400.0,31.14,221953.37448120117,1.4547958374023438,0.7127597125279421,1725.063583815029,2334.098265895954,1,705920.9245068463,116491.86101638709
286,10980,265,238500.0,23.85,221780.126953125,1.7235260009765625,0.929895710495283,1823.366037735849,1121.6490566037735,1,669547.448228081,113542.78739876249
287,5502,1021,918900.0,91.89,220065.4769897461,0.947021484375,0.23948794971133539,1028.5592556317335,170.18805093046032,0,641003.6180578816,137386.99086188595
288,2606,266,239400.0,23.94,220039.1372680664,2.1530914306640625,0.9191275575107202,515.2669172932331,1453.639097744361,0,679507.1494622986,152785.76101204095
289,410,419,377100.0,37.71,218903.5903930664,1.4851303100585938,0.5804921516655168,89.65393794749403,2201.91169451074,0,701955.3273652899,165554.15039241314
290,996,353,317700.0,31.77,218112.30697631836,1.3235855102539062,0.6865354327236964,198.59490084985836,1400.5382436260622,0,677914.1238387496,162285.9215053422
291,4193,558,502200.0,50.22,218009.2140197754,1.9559326171875,0.43410835129385783,786.3100358422939,1531.8870967741937,0,681854.5894331936,144654.46745556913
292,3516,422,379800.0,37.98,217983.01849365234,2.0715408325195312,0.5739415968763885,661.7701421800948,542.8317535545024,0,652182.9291366028,148390.66426543513
293,1471,470,423000.0,42.3,217361.06872558594,1.0739364624023438,0.5138559544340093,291.90851063829786,2227.423404255319,0,702720.6786576273,159486.51321168902
294,105,828,745200.0,74.52,216884.79766845703,0.8285369873046875,0.2910424015948162,47.22342995169082,505.1497584541063,0,651052.4692835909,166827.06563228724
295,5989,315,283500.0,28.35,215724.23629760742,1.420654296875,0.7609320504324777,1113.3269841269841,2074.8031746031747,0,698142.071768063,134843.95900702843
296,7154,377,339300.0,33.93,215267.17071533203,1.186676025390625,0.6344449475842382,1287.5305039787797,2037.0053050397878,0,697008.1356811614,129617.85341147456
297,8165,343,308700.0,30.87,210437.91046142578,1.5190582275390625,0.6816906720486744,1438.2682215743441,1275.1865889212827,0,674153.5741976062,125095.72188360764
298,3282,476,428400.0,42.84,210029.52117919922,1.1700820922851562,0.4902649887469636,627.0441176470588,627.5252100840336,0,654723.7328324887,149432.4450014262
299,2827,94,84600.0,8.46,207425.7064819336,4.8865509033203125,2.451840502150515,548.9042553191489,15.457446808510639,0,636361.6999342231,151776.6408712635
300,7271,513,461700.0,46.17,202424.35913085938,0.8315887451171875,0.43843266001918857,1309.598440545809,64.59454191033139,0,637835.8127872776,128955.81531446369
301,7057,185,166500.0,16.65,202323.20938110352,7.2713470458984375,1.2151544106973184,1271.2270270270271,1980.5621621621622,0,695314.8413948326,130106.95772002715
302,9811,174,156600.0,15.66,202174.07684326172,1.8551025390625,1.291022202064251,1674.4770114942528,1271.6264367816093,0,674046.769633416,118009.45818601036
303,3046,137,123300.0,12.33,201911.64093017578,3.1886444091796875,1.6375639978116445,584.1751824817518,1932.941605839416,0,693886.2247051502,150718.5130563854
304,9800,669,602100.0,60.21,201033.62731933594,0.6916122436523438,0.3338874394939976,1676.221225710015,527.1464872944694,0,651712.3711488019,117957.1317595375
305,10273,481,432900.0,43.29,199511.01150512695,1.2134628295898438,0.46087089744774073,1745.987525987526,1620.1392931392932,0,684502.1553241465,115864.14275121217
306,2971,504,453600.0,45.36,198186.52725219727,1.3340911865234375,0.43691915179055835,578.0793650793651,2033.3849206349207,0,696899.5241490153,150901.387578457
307,35,346,311400.0,31.14,198065.6021118164,1.1785812377929688,0.636048818599282,24.066473988439306,950.4508670520231,1,664411.5025415284,167521.77431118477
308,10720,361,324900.0,32.49,197212.82958984375,1.5970458984375,0.606995474268525,1797.9639889196676,937.623268698061,0,664026.6745909096,114304.84886324793
309,10306,42,37800.0,3.78,196976.75399780273,15.18450927734375,5.211025238037109,1739.2380952380952,2287.404761904762,0,704520.1193871106,116066.6256736951
310,8056,530,477000.0,47.7,196211.32278442383,0.72705078125,0.41134449221053215,1425.1811320754716,1917.3207547169811,0,693417.5991714771,125488.3345685738
311,2687,372,334800.0,33.48,195888.43460083008,1.5363693237304688,0.5850909038256573,530.9784946236559,2061.9650537634407,0,697756.928142871,152314.4136921283
312,3168,581,522900.0,52.29,195361.32431030273,0.6878509521484375,0.37361125322299243,610.631669535284,600.8330464716007,0,653922.9679241157,149924.81844477943
313,8445,573,515700.0,51.57,193999.6856689453,0.825439453125,0.37618709650755344,1488.3856893542757,1727.7312390924956,0,687729.9137027427,123592.19785020969
314,1701,233,209700.0,20.97,193574.18518066406,1.7958221435546875,0.9231005492640155,329.3519313304721,1808.587982832618,0,690155.6160149463,158363.2105909238
315,8240,513,461700.0,46.17,193455.48477172852,1.3033981323242188,0.41900689792447154,1481.851851851852,42.005847953216374,0,637158.1519685643,123788.2129752824
316,1110,468,421200.0,42.12,193320.37353515625,0.9529571533203125,0.45897524580996263,219.51709401709402,502.4166666666667,0,650970.4765299677,161658.25571032515
317,4,270,243000.0,24.3,192865.60821533203,1.6088180541992188,0.7936856305157697,8.537037037037036,2055.637037037037,1,697567.0876410789,167987.65741972683
318,7246,675,607500.0,60.75,192731.0531616211,0.8057785034179688,0.3172527624059607,1302.914074074074,272.91703703703706,0,644085.4876410789,129156.34630861573
319,5729,514,462600.0,46.26,190246.7010498047,1.1594314575195312,0.4112552984215406,1062.546692607004,2324.6809338521402,1,705638.404545532,136367.36775262785
320,743,142,127800.0,12.78,189828.50646972656,3.0398483276367188,1.4853560756629622,151.26760563380282,215.88732394366198,0,642374.5962482776,163705.74036182387
321,1355,151,135900.0,13.59,189279.07333374023,2.4621658325195312,1.3927819965690966,253.09271523178808,2121.2384105960264,0,699535.1288478485,160650.98707388432
322,9068,268,241200.0,24.12,187492.5521850586,1.6169967651367188,0.7773323059082031,1586.3246268656717,2256.1082089552237,0,703581.2227986244,120654.02972486781
323,3079,218,196200.0,19.62,187017.77114868164,2.134063720703125,0.9531996490758493,616.4220183486239,642.9220183486239,0,655185.6370804264,149751.10798037925
324,9440,617,555300.0,55.53,186453.82919311523,0.6809158325195312,0.33577134736739644,1646.1458670988654,744.129659643436,0,658221.8663192708,118859.392517872
325,10131,537,483300.0,48.33,185087.47329711914,0.8987503051757812,0.3829660113741344,1726.635009310987,420.4264432029795,0,648510.7698260571,116444.71825150834
326,3201,465,418500.0,41.85,184809.28573608398,0.8277206420898438,0.44159924907069054,615.0344086021505,1291.6021505376343,0,674646.0410460967,149792.73627277344
327,379,324,291600.0,29.16,184375.18157958984,1.26361083984375,0.6322880026734905,81.52160493827161,2173.188271604938,0,701093.6246781158,165798.1203826898
328,629,577,519300.0,51.93,183862.5389099121,0.6225814819335938,0.35405842270347027,145.89948006932408,995.0207972270364,0,665748.6004467788,163866.78412875824
329,10297,460,414000.0,41.4,183536.21063232422,0.9047698974609375,0.44332418027131454,1746.7152173913043,1082.817391304348,0,668382.4982690982,115842.31200909882
330,5289,487,438300.0,43.83,181874.82376098633,0.9649810791015625,0.41495510782794054,979.8624229979466,1583.52977412731,0,683403.8697537871,138847.89584089955
331,3421,250,225000.0,22.5,181206.75888061523,2.2947998046875,0.8053633728027344,644.896,1565.964,0,682876.8965299678,148896.88853083795
332,1113,354,318600.0,31.86,181021.96884155273,1.2141799926757812,0.5681794376696571,216.80790960451978,1947.3531073446327,0,694318.5697503067,161739.53124270236
333,5922,502,451800.0,45.18,180174.04403686523,0.7182998657226562,0.39879159813383186,1114.0557768924302,604.4820717131474,0,654032.4386813622,134822.09522406507
334,2095,206,185400.0,18.54,177623.10104370117,1.4684982299804688,0.9580534036877086,414.4514563106796,2099.849514563107,0,698893.4619668609,155810.22484151757
335,2525,90,81000.0,8.1,177088.2110595703,3.761749267578125,2.186274210611979,502.72222222222223,20.11111111111111,0,636501.3098633011,153162.1018641713
336,9628,374,336600.0,33.66,177046.8406677246,1.7762298583984375,0.5259858605695918,1659.6898395721926,764.6951871657755,0,658838.832144941,118453.07334367218
337,3370,382,343800.0,34.38,176559.59014892578,1.0523452758789062,0.5135531999677888,644.8193717277487,1273.3219895287957,0,674097.6362158316,148899.18737900548
338,5468,317,285300.0,28.53,176374.73831176758,1.5131454467773438,0.6182079856704086,1004.8832807570977,521.3627760252366,0,651538.8598107249,138097.27010812503
339,393,258,232200.0,23.22,176269.44122314453,1.7133560180664062,0.759127653846445,83.86046511627907,2113.6782945736436,0,699308.325367177,165727.9545773496
340,1848,487,438300.0,43.83,176070.74661254883,1.1163406372070312,0.4017128601700863,375.7227926078029,1500.8316221765913,0,680922.9251952654,156972.08475260387
341,695,125,112500.0,11.25,175954.47006225586,2.7661285400390625,1.5640397338867187,142.8,2153.688,0,700508.6165299678,163959.76853083796
342,7708,256,230400.0,23.04,175303.42712402344,2.1201629638671875,0.7608655691146851,1375.484375,1472.5078125,0,680073.2109049677,126979.23728083796
343,8531,513,461700.0,46.17,175158.01620483398,0.724761962890625,0.379376253421776,1504.7816764132554,1254.1169590643274,0,673521.4853018975,123100.31823844029
344,1832,411,369900.0,36.99,174829.46319580078,1.0613327026367188,0.4726398031786991,364.7080291970803,468.1970802919708,0,649943.8889387269,157302.52765492554
345,5627,313,281700.0,28.17,173988.70010375977,1.1358184814453125,0.6176382680289662,1042.7955271565495,92.79552715654953,0,638681.8423446643,136959.90271614149
346,10987,225,202500.0,20.25,173735.14251708984,1.305267333984375,0.8579513210720486,1821.3555555555556,1665.9155555555556,1,685875.4431966344,113603.10186417129
347,5812,423,380700.0,38.07,173614.5606994629,0.9785614013671875,0.45604034856701575,1080.5602836879432,1832.4468085106382,0,690871.3807852869,135826.96002019965
348,10196,575,517500.0,51.75,173251.7578125,1.2016677856445312,0.3347860054347826,1735.982608695652,1990.6069565217392,0,695616.1852256199,116164.29026996839
349,10346,432,388800.0,38.88,172851.55334472656,1.1280975341796875,0.4445770404956959,1758.5092592592594,1594.6180555555557,0,683736.5181966344,115488.49075306018
350,8581,707,636300.0,63.63,172436.1946105957,0.5951080322265625,0.2709982627857861,1530.826025459689,34.946251768033946,0,636946.3640830087,122318.98776704729
351,3354,653,587700.0,58.77,171393.30368041992,1.0532379150390625,0.2916340031996255,641.7886676875958,1921.457886676876,0,693541.713130274,148990.10850021007
352,2217,615,553500.0,55.35,169358.05892944336,0.6868896484375,0.30597661956538996,450.0292682926829,586.7121951219513,0,653499.3423836263,154742.89048205747
353,6916,595,535500.0,53.55,168710.02349853516,0.7725296020507812,0.31505139775636815,1257.2756302521009,450.0773109243697,0,649400.2958576988,130525.49962327493
354,1817,527,474300.0,47.43,168708.67767333984,0.802947998046875,0.3557003535174781,360.15180265654647,555.0189753320683,0,652548.5457899298,157439.21445114157
355,10112,273,245700.0,24.57,167209.2498779297,1.3248138427734375,0.6805423275455014,1719.5311355311355,1444.4322344322345,0,679230.9435629348,116657.83446490389
356,5500,375,337500.0,33.75,165902.45361328125,1.3384323120117188,0.49156282552083336,1023.64,1728.496,0,687752.8565299677,137534.56853083795
357,5439,489,440100.0,44.01,165801.79138183594,0.7886428833007812,0.37673663117890466,1008.079754601227,1318.5869120654397,0,675455.583891931,138001.37589280115
358,2348,565,508500.0,50.85,164846.20742797852,0.675811767578125,0.324181332208414,474.79646017699116,1838.5946902654866,0,691055.8172379324,153999.87472552824
359,527,426,383400.0,38.34,164671.77200317383,0.842010498046875,0.4295038393405681,117.70892018779342,671.5610328638497,0,656044.8075158832,164712.50092520416
360,9869,251,225900.0,22.59,164153.08685302734,2.4133148193359375,0.7266626244047248,1685.2390438247012,1301.6573705179283,0,674947.6976455055,117686.59721609692
361,5050,749,674100.0,67.41,162456.11114501953,0.5629196166992188,0.24099704961432952,946.4365821094793,863.2429906542056,0,661795.2662495939,139850.67106755357
362,10055,222,199800.0,19.98,162407.52410888672,2.089813232421875,0.812850471015449,1707.8918918918919,2252.7207207207207,0,703479.5981515894,117007.01177408121
363,1520,351,315900.0,31.59,162334.43756103516,1.0257644653320312,0.5138791945585158,302.8005698005698,2273.5982905982905,0,704105.9252479165,159159.75143682086
364,2942,107,96300.0,9.63,162029.1961669922,3.8451614379882812,1.682546169958382,576.0373831775701,355.57943925233644,0,646565.3597075378,150962.64703551086
365,615,520,468000.0,46.8,161884.65042114258,0.7942352294921875,0.3459073726947491,140.49615384615385,1222.826923076923,0,672582.7842222755,164028.88391545333
366,7735,328,295200.0,29.52,161765.8332824707,1.3221206665039062,0.5479872401167707,1374.1036585365853,2228.6524390243903,0,702757.5497006995,127020.6587747404
367,5233,113,101700.0,10.17,161700.69122314453,3.8697052001953125,1.5899772981626799,955.858407079646,921.5575221238938,0,663544.7021936845,139568.0163184486
368,8449,716,644400.0,64.44,161307.12661743164,0.6496505737304688,0.25032142553915526,1493.3575418994412,695.022346368715,0,656748.6469210292,123443.04227385472
369,9933,442,397800.0,39.78,160968.10913085938,1.1967620849609375,0.4046458248638999,1703.39592760181,1272.5452488687783,0,674074.3339960311,117141.89070278365
370,3047,196,176400.0,17.64,160430.17044067383,1.8713226318359375,0.9094680863983777,605.954081632653,48.954081632653065,0,637366.5989789474,150065.14608185837
371,794,624,561600.0,56.16,160415.63415527344,0.7576675415039062,0.28564037420810795,163.70833333333334,1924.0,0,693617.9765299677,163332.51853083796
372,6122,738,664200.0,66.42,160025.84609985352,0.67218017578125,0.2409302109302221,1151.520325203252,678.7317073170732,0,656259.9277494799,133698.1587747404
373,6214,320,288000.0,28.8,159050.67901611328,1.0286712646484375,0.5522593021392822,1153.675,2126.259375,0,699685.7577799677,133633.51853083796
374,431,394,354600.0,35.46,158594.6159362793,0.8685150146484375,0.4472493399218254,98.48223350253807,2169.8451776649745,0,700993.3318599169,165289.3015257618
375,7762,478,430200.0,43.02,157786.48223876953,0.6849136352539062,0.36677471464149125,1384.6506276150628,789.6820083682009,0,659588.4367810137,126704.24970238606
376,9745,148,133200.0,13.32,157691.6358947754,2.8579788208007812,1.1838711403511666,1671.527027027027,908.3175675675676,0,663147.5035569947,118097.95772002715
377,234,526,473400.0,47.34,157529.9102783203,0.703582763671875,0.33276280160185956,69.07414448669202,665.1615969581749,0,655852.824438713,166171.5441962372
378,6586,498,448200.0,44.82,156456.47048950195,0.7448959350585938,0.3490773549520347,1210.7008032128515,2107.016064257028,0,699108.4584576786,131922.7444344524
379,2847,668,601200.0,60.12,155801.41067504883,0.5056838989257812,0.25915071635903,573.5703592814372,1067.556886227545,0,667924.6831167941,151036.65775239485
380,9147,337,303300.0,30.33,154141.74728393555,1.3669204711914062,0.5082154542826757,1595.486646884273,1647.4836795252224,0,685322.4869157244,120379.16912430977
381,7981,412,370800.0,37.08,154080.69076538086,0.9824600219726562,0.41553584348808215,1409.4635922330096,2280.973300970874,0,704327.175559094,125959.86076384767
382,5517,357,321300.0,32.13,153822.48458862305,0.9862213134765625,0.4787503410788143,1026.6050420168067,1254.6946778711485,0,673538.8168661022,137445.61727033375
383,3911,244,219600.0,21.96,153644.27947998047,1.568084716796875,0.6996551888888,727.6434426229508,1878.77868852459,0,692261.3371857054,146414.46525214944
384,8552,207,186300.0,18.63,153400.19760131836,1.967193603515625,0.82340417392012,1503.2463768115942,967.1449275362319,0,664912.3243560547,123146.37722649013
385,7016,396,356400.0,35.64,152338.94577026367,0.7979660034179688,0.4274381194451843,1267.6464646464647,554.429292929293,0,652530.8553178465,130214.37459144402
386,5001,455,409500.0,40.95,152029.32357788086,0.756866455078125,0.3712559794331645,931.1428571428571,1812.9362637362638,0,690286.0644420556,140309.48281655225
387,2241,345,310500.0,31.05,151902.23922729492,1.0356063842773438,0.48921816176262456,455.0086956521739,2198.1739130434785,0,701843.1939212721,154593.50766127274
388,2822,119,107100.0,10.71,151569.82040405273,2.5055160522460938,1.4152177442021732,545.1428571428571,1921.0420168067226,0,693529.2370341694,151889.48281655225
389,8717,231,207900.0,20.79,151413.91067504883,1.801971435546875,0.7283016386486235,1535.008658008658,969.0952380952381,0,664970.8336728249,122193.50879057823
390,62,289,260100.0,26.01,151077.78396606445,1.4018783569335938,0.5808449979471912,24.80622837370242,2189.0242214532873,0,701568.7031735664,167499.5816796269
391,8361,553,497700.0,49.77,149964.36080932617,0.5385894775390625,0.301314769558622,1474.5424954792043,2214.4484629294757,0,702331.430417852,124007.49366646183
392,8138,138,124200.0,12.42,149404.91638183594,3.1939239501953125,1.202938135119452,1431.4565217391305,849.8478260869565,0,661393.4113125764,125300.07287866404
393,4030,331,297900.0,29.79,148924.9786376953,2.525543212890625,0.49991600751156534,752.6465256797583,1491.3232628398791,0,680637.6744151642,145664.3727604452
394,4969,355,319500.0,31.95,147504.50820922852,1.0586776733398438,0.4616729521415603,915.1802816901409,1990.6394366197183,0,695617.1596285593,140788.36008013372
395,1233,341,306900.0,30.69,146407.11135864258,0.794097900390625,0.477051519578503,233.89442815249268,1348.2346041055719,0,676345.0146531349,161226.93568626317
396,10741,139,125100.0,12.51,144971.58966064453,5.696197509765625,1.1588456407725383,1794.6690647482014,52.35251798561151,0,637468.5520695361,114403.69658839192
397,6971,183,164700.0,16.47,144883.4861755371,1.7906417846679688,0.8796811546784281,1255.688524590164,1176.6666666666667,0,671197.9765299677,130573.11279313304
398,8665,294,264600.0,26.46,144458.96759033203,1.2896728515625,0.5459522584668633,1523.1632653061224,1425.8061224489795,0,678672.1602034371,122548.87057165429
399,2298,627,564300.0,56.43,144365.1512145996,0.8002853393554688,0.25583050011447744,479.14354066985646,1719.8947368421052,0,687494.8186352309,153869.46231074227
400,7010,284,255600.0,25.56,144163.46969604492,1.2378616333007812,0.5640198344915686,1268.0809859154929,1105.7218309859154,0,669069.6314595452,130201.33895337317
401,8777,236,212400.0,21.24,143854.24575805664,1.4179153442382812,0.6772798764503608,1543.1525423728813,1257.9110169491526,0,673635.3070384423,121949.19225965152
402,966,425,382500.0,38.25,143034.08203125,0.8292465209960938,0.3739453125,195.08470588235295,1745.030588235294,0,688248.8941770266,162391.22735436738
403,11015,255,229500.0,22.95,142926.7593383789,1.9491119384765625,0.6227745504940257,1825.5686274509803,885.3803921568627,1,662459.3882946736,113476.70970730855
404,9110,179,161100.0,16.11,142661.04125976562,1.938385009765625,0.8855433970190293,1583.9720670391062,1268.1284916201118,0,673941.831278571,120724.60651966478
405,1862,240,216000.0,21.6,141832.59658813477,1.9153518676757812,0.656632391611735,371.40833333333336,2191.3166666666666,0,701637.4765299677,157101.51853083796
406,7660,627,564300.0,56.43,141774.46517944336,0.8018264770507812,0.2512395271654144,1372.2663476874004,892.0079744816587,0,662658.2157644175,127075.77810021595
407,3696,502,451800.0,45.18,141583.62579345703,0.6056137084960938,0.31337677245121076,687.4521912350598,527.5836653386455,0,651725.486490127,147620.20279378616
408,9137,309,278100.0,27.81,141342.8466796875,1.0316009521484375,0.5082446842131877,1594.336569579288,1363.2653721682848,0,676795.9376950163,120413.67144345932
409,339,413,371700.0,37.17,140570.50094604492,0.9170379638671875,0.37818267674480743,88.64164648910412,1412.7457627118645,0,678280.3494113237,165584.51913616483
410,252,261,234900.0,23.49,140569.4091796875,1.4290695190429688,0.5984223464439655,57.37547892720306,2022.6436781609195,0,696577.2868747953,166522.50416302186
411,2066,179,161100.0,16.11,139857.28912353516,1.783172607421875,0.868139597290721,409.8882681564246,1987.0837988826815,0,695510.4904964482,155947.12048614523
412,1550,316,284400.0,28.44,139580.3924560547,1.3082427978515625,0.4907890030100376,306.25949367088606,2051.7974683544303,0,697451.9005806006,159055.98372071137
413,42,236,212400.0,21.24,138532.31735229492,1.04302978515625,0.6522237163479045,17.516949152542374,413.2542372881356,1,648295.6036486118,167718.2600562617
414,10877,335,301500.0,30.15,137852.09197998047,1.5135955810546875,0.4572208689219916,1813.510447761194,976.4149253731343,0,665190.4242911618,113838.45509800213
415,590,224,201600.0,20.16,137108.76388549805,1.2198333740234375,0.68010299546378,125.00892857142857,2195.1160714285716,0,701751.4586728249,164493.5006736951
416,9217,292,262800.0,26.28,136176.34735107422,1.076904296875,0.5181748377133722,1604.1198630136987,1388.958904109589,0,677566.7436532554,120120.172640427
417,3195,430,387000.0,38.7,135609.7137451172,1.225189208984375,0.3504126970158067,619.6906976744186,846.9069767441861,0,661305.1858322934,149653.0476006054
418,7689,196,176400.0,17.64,135081.66961669922,1.5583648681640625,0.7657691021354831,1364.5255102040817,1380.2908163265306,0,677306.7010197637,127308.0032247155
419,2874,524,471600.0,47.16,134522.24578857422,0.782562255859375,0.2852464923421845,565.4064885496183,651.2748091603054,0,655436.2208047769,151281.57387434941
420,5838,369,332100.0,33.21,134247.64938354492,0.7849349975585938,0.40423863108565167,1090.3495934959349,910.0948509485095,0,663200.8220584231,135533.28072595992
421,7377,138,124200.0,12.42,134125.39901733398,1.8180389404296875,1.0799146458722544,1315.8478260869565,1949.9057971014493,0,694395.1504430112,128768.33374822926
422,8227,430,387000.0,38.7,133998.9532470703,0.7638778686523438,0.3462505251862282,1458.6302325581396,414.1441860465116,0,648322.302111363,124484.86155409378
423,28,419,377100.0,37.71,133511.1053466797,0.7225723266601562,0.35404695133036246,17.112171837708832,684.6443914081145,1,656437.3082722112,167730.4033757067
424,5691,290,261000.0,26.1,133341.1605834961,0.9461593627929688,0.5108856727337016,1053.0068965517241,2143.7793103448275,0,700211.3558403125,136653.56163428625
425,712,184,165600.0,16.56,132990.79971313477,1.5326766967773438,0.8030845393305239,145.8804347826087,2176.983695652174,0,701207.4873995329,163867.3554873597
426,6695,339,305100.0,30.51,132837.69149780273,1.0797805786132812,0.4353906637096124,1224.8200589970502,1158.8525073746312,0,670663.5517512066,131499.16676092646
427,3918,272,244800.0,24.48,131524.9900817871,1.5792922973632812,0.5372752862818101,727.2977941176471,1856.2867647058824,0,691586.5794711442,146424.83470730856
428,7081,281,252900.0,25.29,131233.95538330078,1.334228515625,0.5189163913930438,1276.7722419928825,1348.9857651245552,0,676367.5494837044,129940.60127105148
429,2966,489,440100.0,44.01,131168.61419677734,0.7784500122070312,0.29804274982226164,575.5787321063394,588.7382413087935,0,653560.1237692315,150976.40656764776
430,10163,67,60300.0,6.03,130624.7428894043,4.507499694824219,2.1662478091111823,1719.089552238806,2285.3432835820895,0,704458.2750374305,116671.08196367379
431,2240,260,234000.0,23.4,129625.70114135742,1.4744110107421875,0.5539559877835787,450.62692307692305,2148.3038461538463,0,700347.0919145831,154724.96083853027
432,4602,91,81900.0,8.19,129546.5103149414,6.089897155761719,1.5817644727099074,840.5054945054945,1531.5604395604396,0,681844.7897167809,143028.6036956731
433,909,99,89100.0,8.91,128804.66537475586,2.67144775390625,1.4456191400084832,179.2929292929293,1475.2323232323233,0,680154.9462269375,162864.9806520501
434,8178,184,165600.0,16.56,127647.00164794922,1.4599609375,0.7708152273426885,1438.5054347826087,1491.016304347826,0,680628.4656604026,125088.60548735969
435,2741,351,315900.0,31.59,127316.70455932617,0.83953857421875,0.4030285044613048,535.1709401709402,540.5584045584045,0,652114.7286667199,152188.64032570974
436,4171,108,97200.0,9.72,126951.74560546875,2.6520767211914062,1.3060879177517362,768.1481481481482,2143.8888888888887,0,700214.6431966344,145199.32408639352
437,10,178,160200.0,16.02,126906.99691772461,1.6483535766601562,0.7921785076012772,10.814606741573034,2167.5898876404494,0,700925.6731591813,167919.33032859076
438,8687,363,326700.0,32.67,126108.19473266602,0.7897186279296875,0.38600610570145705,1527.0523415977962,87.4297520661157,0,638520.8690919512,122432.19828290408
439,9680,64,57600.0,5.76,125135.98022460938,3.43212890625,2.172499656677246,1651.78125,1069.96875,0,667997.0390299677,118690.33103083796
440,1437,119,107100.0,10.71,124351.37100219727,2.1272964477539062,1.1610772269112724,273.20168067226894,2115.764705882353,0,699370.9177064383,160047.7181106699
441,9519,356,320400.0,32.04,124303.38134765625,2.05279541015625,0.3879631128204003,1656.1797752808989,104.36516853932584,0,639028.9315861475,118558.375272411
442,4947,232,208800.0,20.88,123509.1178894043,2.1817398071289062,0.5915187638381432,913.5258620689655,31.57758620689655,0,636845.3041161746,140837.992668769
443,720,416,374400.0,37.44,123488.21640014648,0.615936279296875,0.3298296378209041,151.74278846153845,805.6754807692307,0,660068.2409530446,163691.4848769918
444,8819,382,343800.0,34.38,122805.59463500977,0.8411102294921875,0.35720068247530473,1552.107329842932,1646.390052356021,0,685289.6781006483,121680.54863555
445,3461,339,305100.0,30.51,122635.46447753906,0.9960708618164062,0.40195170264680125,653.1002949852507,2298.395280235988,0,704849.8349370474,148650.75968128044
446,8946,291,261900.0,26.19,122190.22979736328,1.2307281494140625,0.46655299655350624,1576.041237113402,2122.7079037800686,0,699579.2136433698,120962.5314174359
447,7385,264,237600.0,23.76,122055.20782470703,1.0333786010742188,0.5137003696326053,1318.8030303030303,1522.409090909091,0,681570.2492572404,128679.67762174705
448,5807,346,311400.0,31.14,121945.63980102539,0.7723007202148438,0.39160449518633716,1072.6473988439307,366.9393063583815,0,646906.1557207191,136064.34656552004
449,6241,274,246600.0,24.66,121600.14724731445,1.278228759765625,0.4931068420410156,1158.7043795620439,1321.153284671533,0,675532.5750701138,133482.63714397664
450,599,90,81000.0,8.1,121151.26647949219,2.536834716796875,1.4956946478949653,125.56666666666666,190.55555555555554,0,641614.6431966344,164476.76853083796
451,3798,186,167400.0,16.74,121143.80950927734,1.3684921264648438,0.7236786709036879,702.505376344086,1821.0430107526881,0,690529.2668525483,147168.60724051538
452,3726,350,315000.0,31.5,121058.73413085938,1.1091690063476562,0.3843134416852679,703.2885714285715,1258.5542857142857,0,673654.6051013963,147145.1113879808
453,172,408,367200.0,36.72,120063.8671875,0.56195068359375,0.32697131587009803,45.193627450980394,910.7475490196078,0,663220.4030005559,166887.95970730856
454,1284,293,263700.0,26.37,119127.94189453125,0.9354248046875,0.4517555627399744,248.08532423208192,1958.4300341296928,0,694650.8775538586,160801.2088038755
455,2587,241,216900.0,21.69,118890.21835327148,1.1419830322265625,0.5481337867831788,519.207468879668,1427.9917012448134,0,678737.7275673122,152667.5444644479
456,672,245,220500.0,22.05,118783.10852050781,1.5291213989257812,0.5386989048549107,157.5591836734694,724.3795918367347,0,657629.3642850698,163516.99302063388
457,316,169,152100.0,15.21,118085.77880859375,1.3723526000976562,0.7763693544286243,68.08875739644971,2209.804733727811,0,702192.118541802,166201.10580894447
458,8188,259,233100.0,23.31,117462.22229003906,1.475311279296875,0.5039134375377051,1446.4710424710424,1464.3745173745174,0,679829.2120512032,124849.63725670669
459,233,195,175500.0,17.55,117005.87768554688,1.7822189331054688,0.6667001577524039,79.66153846153846,519.9641025641025,0,651496.8996068909,165853.9223769918
460,1416,143,128700.0,12.87,116824.5346069336,1.4405517578125,0.9077275416234156,269.1188811188811,2326.111888111888,1,705681.3331733244,160170.2020972715
461,4293,421,378900.0,37.89,116744.34814453125,0.5041885375976562,0.30811387739385393,797.2351543942993,812.1211401425178,0,660261.6107342433,144326.713899009
462,5615,429,386100.0,38.61,116726.45416259766,0.8986282348632812,0.30232181860294655,1035.4825174825176,2113.986013986014,0,699317.5569495482,137179.29300636242
463,9398,240,216000.0,21.6,116692.5407409668,0.9120864868164062,0.5402432441711426,1627.4208333333333,2184.5583333333334,0,701434.7265299677,119421.14353083796
464,4471,310,279000.0,27.9,115680.78918457031,1.3640289306640625,0.41462648453251005,826.3967741935484,1359.225806451613,0,676674.7507235161,143451.8653050315
465,9289,244,219600.0,21.96,115166.31317138672,1.0275726318359375,0.5244367630755316,1614.983606557377,2161.4180327868853,0,700740.5175135743,119794.26033411664
466,3049,164,147600.0,14.76,114915.05584716797,1.9030303955078125,0.7785572889374524,587.2378048780488,1566.6097560975609,0,682896.2692128946,150626.6343844965
467,8463,309,278100.0,27.81,114485.42861938477,1.06158447265625,0.4116700058230304,1486.3139158576053,1786.779935275081,0,689501.3745882201,123654.3510551098
468,4656,367,330300.0,33.03,113948.0941772461,0.8803558349609375,0.3449836335974753,853.5476839237057,369.07629427792915,0,646970.2653583057,142637.33801312678
469,7433,271,243900.0,24.39,113870.44830322266,1.2469863891601562,0.46687350677828066,1331.7453874538746,1086.461254612546,0,668491.8141683441,128291.40690722171
470,8646,318,286200.0,28.62,113701.1833190918,1.1776123046875,0.3972787677117114,1524.5251572327045,1123.4496855345913,0,669601.4670960055,122508.01381385681
471,7378,335,301500.0,30.15,112903.89175415039,0.8960800170898438,0.3744739361663363,1318.4149253731343,2072.065671641791,0,698059.9466792215,128691.32076964393
472,6007,299,269100.0,26.91,112839.80026245117,1.125274658203125,0.41932292925474235,1122.6220735785953,881.5384615384615,0,662344.1303761216,134565.10632348008
473,4703,337,303300.0,30.33,112661.08703613281,0.9037094116210938,0.37145099583294694,869.9673590504451,44.19881305637982,0,637223.9409216591,142144.74775932461
474,7029,19,17100.0,1.71,111313.55895996094,12.72418212890625,6.509564851459704,1256.842105263158,2002.0,0,695957.9765299677,130538.50537294321
475,1948,183,164700.0,16.47,110986.1801147461,1.7696990966796875,0.6738687317228057,383.6775956284153,2164.928961748634,0,700845.8453824267,156733.44066198549
476,2419,355,319500.0,31.95,110963.671875,0.7055511474609375,0.34730413732394366,484.9154929577465,457.4225352112676,0,649620.6525863057,153696.30374210555
477,5885,315,283500.0,28.35,110794.66094970703,1.53692626953125,0.39081009153335816,1095.1301587301587,579.3587301587302,0,653278.7384347296,135389.8637689332
478,2664,116,104400.0,10.44,110015.32516479492,2.109832763671875,1.0537866395095299,543.5603448275862,662.448275862069,0,655771.4248058298,151936.95818601036
479,7674,459,413100.0,41.31,109791.16287231445,0.5896682739257812,0.2657738147477958,1366.2701525054467,2091.864923747277,0,698653.924242386,127255.66395567456
480,8679,284,255600.0,25.56,109537.67395019531,1.0602264404296875,0.42855115003988775,1526.4471830985915,1396.7711267605634,0,677801.1103327846,122450.35303788021
481,9034,283,254700.0,25.47,109427.13775634766,6.3819427490234375,0.42963147921612743,1582.2155477031802,712.8904593639576,0,657284.6903108865,120777.30209974255
482,10855,230,207000.0,20.7,109310.009765625,0.94000244140625,0.5280676800271739,1806.8826086956522,1734.9217391304348,0,687945.6287038808,114037.29026996839
483,7588,495,445500.0,44.55,108431.0417175293,0.565216064453125,0.24339178836706912,1352.4323232323231,2283.1151515151514,0,704391.4310754223,127670.79883386826
484,10596,389,350100.0,35.01,107877.31018066406,0.5294036865234375,0.3081328482738191,1778.6606683804628,11.853470437017995,1,636253.5806430783,114883.94847942409
485,6126,228,205200.0,20.52,107456.28662109375,1.0066604614257812,0.5236661141378838,1135.4122807017543,1175.4561403508771,0,671161.660740494,134181.40010978532
486,4445,346,311400.0,31.14,107436.71035766602,0.7354660034179688,0.34501191508563267,820.5173410404624,1953.3092485549132,0,694497.2539866151,143628.24829962407
487,6797,294,264600.0,26.46,107427.17971801758,1.3017120361328125,0.4059984116327195,1233.6190476190477,1340.4795918367347,0,676112.3642850698,131235.19710226654
488,9982,141,126900.0,12.69,106806.36291503906,1.451507568359375,0.841657706186281,1700.5602836879432,1252.5390070921985,0,673474.1467427337,117226.96002019967
489,6936,411,369900.0,36.99,105668.6393737793,0.61602783203125,0.28566812482773535,1264.7518248175184,369.2992700729927,0,646976.9546321576,130301.21378631241
490,8888,153,137700.0,13.77,105355.28182983398,1.5014266967773438,0.7651073480743209,1556.078431372549,1949.5032679738563,0,694383.0745691834,121561.41558966148
491,1430,169,152100.0,15.21,105133.42666625977,1.4480514526367188,0.6912125356098604,271.3609467455621,2099.96449704142,0,698896.9114412103,160102.9401284711
492,3133,213,191700.0,19.17,105074.82833862305,1.1527252197265625,0.5481211702588579,597.1877934272301,2308.9014084507044,0,705165.0187834889,150328.13472802105
493,2585,247,222300.0,22.23,104968.61114501953,0.9191131591796875,0.4721934824337361,512.1781376518219,242.08906882591094,0,643160.6485947451,152878.4244012833
494,6610,371,333900.0,33.39,104588.89617919922,0.6895828247070312,0.31323419041389405,1208.789757412399,717.4743935309973,0,657422.2083358977,131980.075808466
495,3464,61,54900.0,5.49,104506.4094543457,3.0290145874023438,1.903577585689357,642.8360655737705,1468.4590163934427,0,679951.747021771,148958.68656362485
496,10491,397,357300.0,35.73,104151.42059326172,0.74127197265625,0.29149571954453324,1770.138539042821,2074.345088161209,0,698128.329174804,115139.61235955333
497,8638,174,156600.0,15.66,104048.43063354492,1.4367294311523438,0.6644216515552038,1512.603448275862,1072.3045977011495,0,668067.1144610022,122865.6650825621
498,5607,442,397800.0,39.78,103880.49774169922,0.521453857421875,0.2611375006075898,1036.7941176470588,2287.8280542986427,0,704532.818158927,137139.9450014262
499,3528,262,235800.0,23.58,103592.75894165039,1.2177658081054688,0.4393246774455063,664.1450381679389,1602.8320610687024,0,683982.9383620288,148319.41738579978
500,7216,287,258300.0,25.83,103495.6672668457,0.8651046752929688,0.400680090076832,1297.7909407665504,948.9024390243902,0,664365.0497006994,129310.04030784144
501,2073,114,102600.0,10.26,101920.79086303711,1.6490097045898438,0.9933800279048451,409.2105263157895,1165.2894736842106,0,670856.660740494,155967.45274136428
502,10105,345,310500.0,31.05,101767.3942565918,0.6694107055664062,0.32775328262992526,1716.408695652174,19.411594202898552,0,636480.3243560547,116751.50766127274
503,8852,421,378900.0,37.89,101762.01095581055,0.5416793823242188,0.2685722115487214,1553.5534441805225,172.00950118764845,0,641058.2615655971,121637.16520542228
504,8396,143,128700.0,12.87,101690.08483886719,1.6727371215820312,0.7901327493307474,1470.3986013986014,985.5594405594405,0,665464.7597467509,124131.81048887991
505,302,128,115200.0,11.52,101320.73822021484,1.7068328857421875,0.8795202970504761,64.7734375,2062.2109375,0,697764.3046549677,166300.56540583796
506,9844,230,207000.0,20.7,101269.775390625,1.881195068359375,0.48922596807065216,1682.0695652173913,990.5434782608696,0,665614.2808777938,117781.68157431623
507,8613,489,440100.0,44.01,100784.89379882812,0.525390625,0.22900453033135226,1512.5296523517382,467.280163599182,0,649916.3814379432,122867.87896028582
508,10579,271,243900.0,24.39,100699.78408813477,0.7594757080078125,0.41287324349378746,1771.9520295202951,291.54612546125463,0,644644.3602938054,115085.20764522911
509,9259,384,345600.0,34.56,100689.81399536133,0.5469589233398438,0.2913478414217631,1614.4036458333333,686.1770833333334,0,656483.2890299677,119811.65915583796
510,7551,329,296100.0,29.61,100606.21490478516,0.6979141235351562,0.33977107363993636,1343.966565349544,2186.9452887537996,0,701506.3351925818,127924.77157035164
511,9684,163,146700.0,14.67,100579.78591918945,1.2528762817382812,0.6856154459385784,1657.3190184049079,2262.20245398773,0,703764.0501495997,118524.19797869073
512,7442,451,405900.0,40.59,100445.12100219727,0.5085220336914062,0.2474627272781406,1330.6674057649668,700.4745011086475,0,656912.2115632271,128323.74635788894
513,4159,261,234900.0,23.49,100089.0266418457,0.8385238647460938,0.4260920674408076,765.9080459770115,2179.4750957854408,0,701282.229403531,145266.5271515276
514,9656,331,297900.0,29.79,99953.70254516602,0.7674407958984375,0.3355277024006916,1657.4924471299094,551.9184290030212,0,652455.5294000583,118518.99511694067
515,5819,347,312300.0,31.23,99605.32608032227,0.6811141967773438,0.31894116580314524,1075.6599423631123,503.05763688760806,0,650989.705636596,135973.9702599446
516,2164,294,264600.0,26.46,99453.03497314453,0.8726882934570312,0.37586181017817283,430.8299319727891,338.1054421768707,0,646041.1397952739,155318.8705716543
517,1681,110,99000.0,9.9,99279.62265014648,2.7827301025390625,1.0028244712136007,322.6272727272727,1120.8,0,669521.9765299677,158564.95034901978
518,6688,291,261900.0,26.19,99131.93893432617,0.7137298583984375,0.3785106488519518,1214.2199312714777,1920.8350515463917,0,693523.0280763595,131817.1705926936
519,2484,201,180900.0,18.09,98476.16500854492,1.0362625122070312,0.5443679657741566,490.4726368159204,2203.044776119403,0,701989.3198135499,153529.58942636035
520,2182,194,174600.0,17.46,98012.34283447266,1.0309906005859375,0.5613536244815158,429.3917525773196,1996.9329896907216,0,695805.9662206894,155362.01595351836
521,1755,100,90000.0,9.0,98009.7541809082,3.3586654663085938,1.0889972686767577,340.13,266.06,0,643879.7765299678,158039.86853083796
522,826,350,315000.0,31.5,97315.10238647461,0.5810089111328125,0.3089368329729353,176.48,253.24571428571429,0,643495.3479585391,162949.36853083796
523,7664,24,21600.0,2.16,97215.9439086914,11.333511352539062,4.500738143920898,1352.75,1736.2916666666667,0,687986.7265299677,127661.26853083796
524,338,199,179100.0,17.91,97133.34045410156,1.0731658935546875,0.5423413760698022,73.38693467336684,2084.246231155779,0,698425.3634646412,166042.16049063695
525,8592,150,135000.0,13.5,97066.99676513672,1.6821823120117188,0.7190147908528646,1508.14,867.1933333333334,0,661913.7765299678,122999.56853083795
526,8518,173,155700.0,15.57,96999.19738769531,1.1356887817382812,0.6229877802677927,1492.6589595375722,988.0,0,665537.9765299677,123463.9997447108
527,7855,362,325800.0,32.58,96974.79400634766,0.6087188720703125,0.29765130143139246,1387.8701657458564,191.12154696132598,0,641631.6229388075,126607.66355846226
528,6047,260,234000.0,23.4,96733.34197998047,1.0236358642578125,0.4133903503417969,1127.673076923077,2099.5153846153844,0,698883.4380684292,134413.57622314565
529,8362,132,118800.0,11.88,96733.28704833984,1.5670166015625,0.8142532579826586,1467.2575757575758,1284.9469696969697,0,674446.3856208768,124226.0412581107
530,9798,50,45000.0,4.5,96194.17419433594,5.133155822753906,2.1376483154296877,1668.58,2251.74,0,703450.1765299677,118186.36853083796
531,5347,316,284400.0,28.44,96153.71704101562,0.61260986328125,0.33809323854084256,986.7120253164557,2291.8354430379745,0,704653.0398211069,138642.4077713443
532,10676,296,266400.0,26.64,96130.7144165039,0.8851318359375,0.3608510300919816,1785.929054054054,1279.1925675675675,0,674273.7535569947,114665.89690921633
533,93,331,297900.0,29.79,95831.09664916992,0.7992630004882812,0.3216888105040951,29.283987915407856,1992.296072507553,0,695666.8587051943,167365.2488933757
534,9915,224,201600.0,20.16,95499.20654296875,1.0958938598632812,0.4737063816615513,1687.9419642857142,1570.4464285714287,0,683011.3693871106,117605.50960226654
535,94,414,372600.0,37.26,95367.52853393555,0.616180419921875,0.2559514990175404,32.18357487922705,369.6280193236715,0,646986.8171096779,167278.26128446116
536,5506,439,395100.0,39.51,95339.17694091797,0.8871688842773438,0.24130391531490247,1021.0933940774487,2078.753986332574,0,698260.5961199449,137610.9667085145
537,10478,229,206100.0,20.61,95203.5026550293,1.1867294311523438,0.46192868828252936,1761.64192139738,2000.593886462882,0,695915.7931238542,115394.51088891656
538,7001,258,232200.0,23.22,94919.10095214844,1.1635665893554688,0.4087816578473232,1264.577519379845,1411.9767441860465,0,678257.2788555492,130306.4429494426
539,4870,400,360000.0,36.0,94733.36334228516,0.5580062866210938,0.26314823150634764,898.405,528.7475,0,651760.4015299678,141291.61853083796
540,292,133,119700.0,11.97,94352.8450012207,1.5982131958007812,0.7882443191413593,63.796992481203006,2143.1954887218044,0,700193.8411916218,166329.85875640187
541,2769,267,240300.0,24.03,94346.47979736328,0.8119125366210938,0.39261955804146187,538.3370786516854,1118.8689138576779,0,669464.0439456981,152093.6561712874
542,9305,243,218700.0,21.87,94233.5952758789,1.0781097412109375,0.4308806368352945,1608.880658436214,1836.633744855967,0,690996.9888756467,119977.34877775154
543,10004,249,224100.0,22.41,94056.75659179688,1.4836273193359375,0.4197088647558986,1704.128514056225,1026.1686746987953,0,666683.0367709316,117119.91310915121
544,10990,422,379800.0,37.98,94013.69018554688,0.5166473388671875,0.24753472929317238,1825.063981042654,28.69905213270142,1,636758.9480939488,113491.84909955834
545,9226,246,221400.0,22.14,93979.33044433594,1.170928955078125,0.42447755394912345,1607.0569105691056,1886.5162601626016,0,692493.4643348458,120032.0612137648
546,3778,162,145800.0,14.58,93976.4533996582,1.099700927734375,0.6445572935504678,700.6481481481482,1241.9135802469136,0,673155.3839373752,147224.32408639352
547,10009,357,321300.0,32.13,93901.89743041992,0.58953857421875,0.29225613890575763,1708.2857142857142,506.5686274509804,0,651095.0353534971,116995.19710226654
548,5459,253,227700.0,22.77,93524.76425170898,0.8781356811523438,0.41073677756569604,1006.6561264822135,1930.3241106719368,0,693807.6998501258,138044.08473637156
549,3548,90,81000.0,8.1,93515.57006835938,2.3093719482421875,1.154513210720486,657.3222222222222,1526.7333333333333,0,681699.9765299677,148524.1018641713
550,1606,177,159300.0,15.93,93115.87371826172,1.3739166259765625,0.5845315362100547,310.88700564971754,40.70056497175141,0,637118.9934791203,158917.15836134643
551,7552,99,89100.0,8.91,92756.25686645508,1.3651962280273438,1.0410354305999447,1336.79797979798,2335.5454545454545,1,705964.3401663314,128139.82913689857
552,5200,182,163800.0,16.38,92747.57080078125,1.1123809814453125,0.5662244859632555,953.3461538461538,1132.2527472527472,0,669865.5589475501,139643.38391545333
553,3196,412,370800.0,37.08,92418.39294433594,0.817901611328125,0.24924054192107858,609.5436893203884,1489.759708737864,0,680590.7677921037,149957.4578512263
554,10158,279,251100.0,25.11,92134.0805053711,0.8421630859375,0.36692186581191194,1724.9749103942652,644.2043010752689,0,655224.1055622258,116494.52121901
555,7746,210,189000.0,18.9,91971.97036743164,0.9618759155273438,0.48662418183826267,1374.2714285714285,1968.0428571428572,0,694939.2622442534,127015.6256736951
556,4018,353,317700.0,31.77,91815.40145874023,0.688385009765625,0.2890003193539195,750.8498583569406,1973.240793201133,0,695095.2003260017,145718.27278012974
557,2247,354,318600.0,31.86,91692.71850585938,0.83966064453125,0.2877988653667903,455.6525423728813,1392.0649717514125,0,677659.9256825101,154574.19225965152
558,1521,156,140400.0,14.04,91550.05416870117,1.3863906860351562,0.6520659128824869,291.18589743589746,2294.7884615384614,0,704741.6303761216,159508.19160776102
559,1625,121,108900.0,10.89,91522.62268066406,1.73931884765625,0.8404281237893854,315.8595041322314,2135.289256198347,0,699956.6542159182,158767.983406871
560,9254,124,111600.0,11.16,90983.42742919922,2.114288330078125,0.81526368664157,1602.032258064516,1790.9112903225807,0,689625.3152396452,120182.80078890247
561,2269,338,304200.0,30.42,90970.20263671875,0.693084716796875,0.299047345945821,462.35798816568047,354.84023668639054,0,646543.1836305595,154373.02888586753
562,5592,74,66600.0,6.66,90652.73208618164,2.5455703735351562,1.3611521334261507,1029.8918918918919,1702.7297297297298,0,686979.8684218596,137347.0117740812
563,4246,284,255600.0,25.56,90638.58032226562,0.627716064453125,0.3546110341246699,788.0880281690141,2115.404929577465,0,699360.1244172917,144601.12768576754
564,2864,308,277200.0,27.72,90494.78988647461,0.6041412353515625,0.32646028097573815,556.4545454545455,2164.253246753247,0,700825.5739325652,151550.1321672016
565,4184,130,117000.0,11.7,90336.39450073242,2.1166458129882812,0.7721059359036959,768.4384615384615,1874.9307692307693,0,692145.8996068909,145190.61468468411
566,876,317,285300.0,28.53,90320.49865722656,0.8486099243164062,0.316580787442084,182.02208201892745,1346.0410094637225,0,676279.2068138794,162783.10607027012
567,2451,180,162000.0,16.2,90095.13473510742,1.071441650390625,0.5561428070068359,489.5888888888889,1919.1166666666666,0,693471.4765299677,153556.1018641713
568,4462,315,283500.0,28.35,89838.50784301758,0.5863189697265625,0.3168906802222842,822.4698412698413,1242.8984126984126,0,673184.9289109202,143569.67329274272
569,24,55,49500.0,4.95,89744.44427490234,4.7208099365234375,1.8130190762606535,10.909090909090908,1384.3454545454545,1,677428.3401663314,167916.49580356522
570,9612,197,177300.0,17.73,89365.07263183594,1.057220458984375,0.5040331225709866,1650.2131979695432,1943.725888324873,0,694209.753179714,118737.37259175166
571,4331,145,130500.0,13.05,89330.25283813477,1.5219039916992188,0.6845230102539063,792.048275862069,2248.689655172414,0,703358.6661851401,144482.3202549759
572,1182,477,429300.0,42.93,88959.814453125,0.5110397338867188,0.20722062532756813,235.72117400419287,948.1530398322851,0,664342.5677249363,161172.13331071218
573,1417,429,386100.0,38.61,88766.51000976562,0.5555877685546875,0.2299054908307838,274.27039627039625,304.64335664335664,0,645037.2772292685,160015.65664272607
574,9908,49,44100.0,4.41,88353.58200073242,3.9649658203125,2.0034825850506217,1685.1020408163265,17.510204081632654,0,636423.2826524167,117690.70730634817
575,2541,143,128700.0,12.87,88257.0053100586,1.3095245361328125,0.6857576170167723,500.8181818181818,71.68531468531468,0,638048.5359705272,153219.22307629252
576,7078,19,17100.0,1.71,87797.3991394043,8.632720947265625,5.134350826865749,1264.6842105263158,1996.157894736842,0,695782.713372073,130303.24221504849
577,4409,153,137700.0,13.77,87786.62567138672,1.6450653076171875,0.6375208835975796,813.0522875816994,1517.4117647058824,0,681420.3294711442,143852.19990338697
578,1624,242,217800.0,21.78,87342.40036010742,0.9050521850585938,0.4010211219472333,312.90495867768595,1832.7851239669421,0,690881.530248976,158856.6197705074
579,4123,194,174600.0,17.46,87001.89971923828,1.4914321899414062,0.4982926673495892,763.0876288659794,1553.541237113402,0,682504.2136433698,145351.13966485858
580,10631,339,305100.0,30.51,86828.17840576172,0.846649169921875,0.28458924420112003,1784.5073746312685,1900.4631268436578,0,692911.8703352775,114708.54729189991
581,2543,151,135900.0,13.59,86748.5481262207,1.5293655395507812,0.6383263291112634,503.0860927152318,266.2450331125828,0,643885.3275233452,153151.185749381
582,3971,403,362700.0,36.27,86311.65618896484,0.6268463134765625,0.23796982682372442,739.0545905707196,509.9379652605459,0,651196.1154877841,146072.1308137164
583,7111,291,261900.0,26.19,86015.02532958984,0.7034988403320312,0.328426977203474,1279.109965635739,2061.0240549828177,0,697728.6981794522,129870.46956176579
584,6431,309,278100.0,27.81,85349.73449707031,0.6371383666992188,0.3069030366669195,1181.6343042071198,734.294498381877,0,657926.811481424,132794.73940462436
585,1018,86,77400.0,7.74,84314.22500610352,2.43133544921875,1.089331072430278,190.3953488372093,1464.3023255813953,0,679827.0462974096,162531.90806572168
586,2869,195,175500.0,17.55,84186.5982055664,0.9896621704101562,0.47969571627103363,556.5641025641025,2302.7641025641024,0,704980.8996068907,151546.8454539149
587,9783,305,274500.0,27.45,84054.48760986328,0.5980682373046875,0.3062094266297387,1678.6950819672131,357.12459016393444,0,646611.7142348858,117882.91607182156
588,3352,155,139500.0,13.95,83846.94900512695,1.0701370239257812,0.6010533978862147,632.2193548387097,1591.3612903225805,0,683638.8152396452,149277.18788567666
589,9124,345,310500.0,31.05,83800.45623779297,0.6608123779296875,0.26988874794780343,1592.6753623188406,256.5826086956522,0,643595.4547908372,120463.50766127274
590,6954,77,69300.0,6.93,83681.50177001953,2.5394134521484375,1.2075252780666599,1250.7012987012988,113.41558441558442,0,639300.4440624353,130722.729569799
591,168,236,212400.0,21.24,83442.39120483398,0.7227783203125,0.3928549491753012,44.36440677966102,938.2966101694915,0,664046.8748350525,166912.83632744814
592,3181,294,264600.0,26.46,83239.56985473633,0.7566070556640625,0.3145864318017246,607.578231292517,1864.0646258503402,0,691819.9153054779,150016.42159206246
593,7924,326,293400.0,29.34,83072.98278808594,0.5601959228515625,0.28313900064105635,1411.4478527607362,2095.947852760736,0,698776.4121127898,125900.33294801587
594,10913,58,52200.0,5.22,82857.7880859375,4.42486572265625,1.5873139480064655,1813.0,63.6551724137931,0,637807.6317023815,113853.76853083796
595,10588,78,70200.0,7.02,82817.4819946289,3.1526107788085938,1.1797362107496996,1769.2948717948718,774.0769230769231,0,659120.2842222755,115164.9223769918
596,838,120,108000.0,10.8,82683.46939086914,1.4801788330078125,0.7655876795450847,164.54166666666666,2238.366666666667,0,703048.9765299677,163307.51853083796
597,6261,268,241200.0,24.12,82311.36932373047,0.7602081298828125,0.34125775009838505,1158.8805970149253,385.3320895522388,0,647457.939216535,133477.3506203902
598,5998,167,150300.0,15.03,82255.27038574219,0.8429031372070312,0.5472739213954902,1112.2395209580839,1776.3892215568862,0,689189.6531766744,134876.58290209546
599,2171,135,121500.0,12.15,81929.59442138672,1.1353912353515625,0.6743176495587384,426.8814814814815,1971.3703703703704,0,695039.0876410789,155437.32408639352
600,3472,176,158400.0,15.84,81881.52923583984,0.9623489379882812,0.5169288461858575,650.0227272727273,1953.3693181818182,0,694499.0560754223,148743.08671265614
601,7126,285,256500.0,25.65,81880.61599731445,0.7951812744140625,0.31922267445346764,1284.3157894736842,2187.1087719298243,0,701511.2396878625,129714.29484662742
602,10763,188,169200.0,16.92,81555.05676269531,1.1255340576171875,0.48200388157621343,1797.4946808510638,1092.063829787234,0,668659.8914235848,114318.92810530605
603,10800,24,21600.0,2.16,81103.27835083008,5.795158386230469,3.754781405131022,1793.3333333333333,176.20833333333334,0,641184.2265299677,114443.76853083796
604,1578,388,349200.0,34.92,80976.1116027832,0.5921096801757812,0.23189035395986027,309.1314432989691,1426.2396907216496,0,678685.1672516172,158969.8252318689
605,8009,139,125100.0,12.51,80736.56158447266,1.2152786254882812,0.6453761917224033,1407.6043165467627,1707.2086330935251,0,687114.2355227735,126015.63903443508
606,8861,254,228600.0,22.86,80649.74899291992,1.1036148071289062,0.35279855202502153,1551.5354330708662,1883.6732283464567,0,692408.1733803614,121697.70553871198
607,1100,255,229500.0,22.95,80321.52557373047,0.868255615234375,0.34998486088771447,213.48235294117646,573.8705882352941,0,653114.0941770265,161839.29794260266
608,2239,196,176400.0,17.64,80242.40341186523,1.1122055053710938,0.4548889082305285,446.19897959183675,2002.0714285714287,0,695960.1193871106,154857.79914308287
609,4790,143,128700.0,12.87,79865.35263061523,1.6584701538085938,0.6205544104942908,877.916083916084,1435.4405594405594,0,678961.1933131845,141906.28601335545
610,6450,67,60300.0,6.03,79675.18615722656,6.5599212646484375,1.3213132032707555,1177.7761194029852,2238.2985074626868,0,703046.9317538483,132910.4849487484
611,5983,357,321300.0,32.13,79359.91287231445,0.6018142700195312,0.24699630523596158,1119.8879551820728,1540.7619047619048,0,682120.8336728249,134647.12987537577
612,10954,281,252900.0,25.29,79280.00106811523,1.3161697387695312,0.31348359457538644,1826.2241992882562,227.82918149466192,1,642732.8519748076,113457.04255219028
613,4322,351,315900.0,31.59,78726.31072998047,0.6963958740234375,0.24921275951244212,799.1424501424501,436.7806267806268,0,649001.3953333865,144269.49502656446
614,814,211,189900.0,18.99,78484.68017578125,1.02911376953125,0.4132947876555095,167.80568720379148,2223.5355450236966,0,702604.0428806787,163209.5979147242
615,3408,263,236700.0,23.67,78324.5132446289,0.6710128784179688,0.33090204159116565,641.9391634980989,894.9657794676806,0,662746.9499139981,148985.59362589498
616,2333,157,141300.0,14.13,78059.57107543945,0.8883132934570312,0.5524385780285878,462.9171974522293,2101.420382165605,0,698940.5879949359,154356.25260727108
617,10755,25,22500.0,2.25,77565.1107788086,9.566452026367188,3.4473382568359376,1788.4,1470.6,0,680015.9765299677,114591.76853083796
618,3500,350,315000.0,31.5,77506.86950683594,0.65338134765625,0.24605355398995535,658.42,1823.7257142857143,0,690609.7479585392,148491.16853083795
619,8300,196,176400.0,17.64,77490.54107666016,0.95062255859375,0.4392887816137197,1460.1224489795918,1310.7397959183672,0,675220.1704075187,124440.0950614502
620,1348,128,115200.0,11.52,76863.427734375,1.17718505859375,0.6672172546386719,251.71875,2139.6484375,0,700087.4296549677,160692.20603083796
621,9780,176,158400.0,15.84,76118.26629638672,1.4287872314453125,0.4805446104569869,1671.4147727272727,1012.2954545454545,0,666266.8401663314,118101.32534901978
622,3607,245,220500.0,22.05,76079.40902709961,0.77301025390625,0.34503133345623405,671.8775510204082,581.0571428571428,0,653329.690815682,148087.4420002257
623,3296,92,82800.0,8.28,75912.40310668945,1.828033447265625,0.916816462641177,619.8695652173913,1439.3695652173913,0,679079.0634864895,149647.68157431623
624,1788,309,278100.0,27.81,75846.52633666992,0.5897979736328125,0.27273112670503386,351.6051779935275,1074.6763754045307,0,668138.2677921037,157695.61319103214
625,2878,146,131400.0,13.14,75764.794921875,1.346435546875,0.5765966127996576,560.6849315068494,1539.664383561644,0,682087.9080368171,151423.2205856325
626,2589,166,149400.0,14.94,75751.94778442383,0.9920120239257812,0.5070411498288074,507.71084337349396,1523.367469879518,0,681599.0006263533,153012.44322963315
627,1819,348,313200.0,31.32,75738.51699829102,0.65869140625,0.24182157406861754,359.82183908045977,1753.816091954023,0,688512.4592885884,157449.11335842416
628,9460,275,247500.0,24.75,75521.13189697266,0.8252410888671875,0.3051358864524148,1635.1272727272728,289.27272727272725,0,644576.1583481495,119189.95034901978
629,4577,114,102600.0,10.26,75427.33612060547,1.4884262084960938,0.7351592214483964,838.3771929824561,1937.1491228070176,0,694012.4502141783,143092.45274136428
630,7009,355,319500.0,31.95,75218.36242675781,0.5257797241210938,0.23542523451254402,1265.7549295774647,752.887323943662,0,658484.5962482776,130271.12064351402
631,7955,150,135000.0,13.5,75205.48095703125,1.372833251953125,0.55707763671875,1404.6333333333334,1437.8,0,679031.9765299677,126104.76853083796
632,2571,264,237600.0,23.76,74883.41674804688,0.9153366088867188,0.3151658954042377,507.14772727272725,1553.439393939394,0,682501.1583481496,153029.33671265614
633,5689,116,104400.0,10.44,74835.09063720703,1.7959136962890625,0.7168112130000673,1047.094827586207,1715.0862068965516,0,687350.5627368643,136830.92370325176
634,10380,224,201600.0,20.16,74828.73229980469,0.9294891357421875,0.3711742673601423,1752.700892857143,224.65178571428572,0,642637.5301013963,115662.74174512367
635,3100,330,297000.0,29.7,74269.0544128418,0.6579132080078125,0.2500641562721946,599.7181818181818,2075.0939393939393,0,698150.7947117859,150252.2230762925
636,8966,161,144900.0,14.49,74037.05749511719,0.9850616455078125,0.51095277774408,1567.863354037267,1377.9006211180124,0,677234.9951635081,121207.86790971995
637,2376,189,170100.0,17.01,73796.57363891602,0.9929046630859375,0.4338422906461847,473.3968253968254,1449.7248677248676,0,679389.7225617138,154041.8637689332
638,4863,139,125100.0,12.51,73741.69006347656,1.6866226196289062,0.5894619509470549,890.0215827338129,1496.158273381295,0,680782.7247314065,141543.12104882358
639,10511,307,276300.0,27.63,73713.16680908203,0.596282958984375,0.26678670578748476,1776.0195439739414,1667.944625407166,0,685936.3152921827,114963.18221161971
640,1809,193,173700.0,17.37,73607.27920532227,1.276580810546875,0.4237609626098,353.3419689119171,2241.036269430052,0,703129.0646128693,157643.50946348044
641,3531,143,128700.0,12.87,73556.3232421875,2.0993499755859375,0.571533203125,667.2097902097902,1433.2097902097903,0,678894.2702362614,148227.47482454425
642,9048,222,199800.0,19.98,73400.79803466797,0.8813400268554688,0.3673713615348747,1583.027027027027,1943.7297297297298,0,694209.8684218596,120752.95772002715
643,5994,80,72000.0,7.2,73326.50299072266,2.0471267700195312,1.0184236526489259,1111.275,864.3125,0,661827.3515299677,134905.51853083796
644,4431,102,91800.0,9.18,73293.07708740234,2.7962417602539062,0.7983995325425092,808.2352941176471,2131.774509803922,0,699851.2118240853,143996.70970730856
645,1383,126,113400.0,11.34,73197.42736816406,1.3591842651367188,0.6454799591548859,261.5079365079365,1939.1904761904761,0,694073.690815682,160398.53043559985
646,3600,224,201600.0,20.16,72959.96475219727,0.7380599975585938,0.36190458706447054,672.6205357142857,1973.6919642857142,0,695108.7354585392,148065.15245940938
647,1237,185,166500.0,16.65,72943.8491821289,0.742584228515625,0.4381011962890625,236.63243243243244,1033.827027027027,0,666912.7873407785,161144.795557865
648,9302,167,150300.0,15.03,72585.38589477539,0.925445556640625,0.4829366992333692,1611.5329341317365,485.3353293413174,0,650458.0364102073,119897.78050688587
649,8109,262,235800.0,23.58,72264.76364135742,0.6902847290039062,0.3064663428386659,1430.2595419847328,2041.9007633587787,0,697154.999430731,125335.98227129597
650,8775,224,201600.0,20.16,72207.93685913086,0.8263626098632812,0.3581742899758475,1548.3348214285713,1155.0714285714287,0,670550.1193871106,121793.72388798083
651,551,231,207900.0,20.79,71969.50607299805,0.64532470703125,0.34617367038479097,120.78354978354979,1338.4069264069265,0,676050.1843221756,164620.26203733147
652,3713,108,97200.0,9.72,71574.87030029297,1.9531478881835938,0.7363669783980759,692.425925925926,1541.462962962963,0,682141.8654188566,147470.99075306018
653,4606,153,137700.0,13.77,71543.60046386719,1.0378799438476562,0.5195613686555351,846.6078431372549,1893.424836601307,0,692700.721628007,142845.5332367203
654,9364,135,121500.0,12.15,71226.20544433594,1.1807708740234375,0.5862239131221065,1616.0222222222221,1432.1037037037038,0,678861.0876410789,119763.1018641713
655,6520,18,16200.0,1.62,71127.3078918457,6.984466552734375,4.390574561225043,1184.5,2291.0,0,704627.9765299677,132708.76853083796
656,5640,129,116100.0,11.61,70777.64739990234,1.2388229370117188,0.6096265925917514,1039.8372093023256,1751.108527131783,0,688431.2323439212,137048.6522517682
657,9653,237,213300.0,21.33,70391.17584228516,0.783538818359375,0.3300102008545952,1658.5400843881857,1513.987341772152,0,681317.5967831323,118487.56599919239
658,7977,135,121500.0,12.15,70212.24975585938,1.24053955078125,0.5778785988136574,1407.4518518518519,1424.0074074074073,0,678618.19875219,126020.2129752824
659,912,255,229500.0,22.95,70134.4596862793,0.7978363037109375,0.3055967742321538,188.51764705882354,1762.3686274509803,0,688769.0353534971,162588.23911907326
660,2834,278,250200.0,25.02,69832.39059448242,0.5916519165039062,0.2791062773560449,550.5647482014389,1611.9388489208634,0,684256.1419975937,151726.8260847948
661,104,108,97200.0,9.72,69677.99835205078,1.511383056640625,0.7168518348976418,22.98148148148148,2019.787037037037,0,696491.5876410789,167554.32408639352
662,1676,206,185400.0,18.54,69543.0793762207,0.816070556640625,0.37509751551359605,325.84466019417476,1740.5873786407767,0,688115.597889191,158468.42872501272
663,7715,271,243900.0,24.39,69339.48211669922,0.6501693725585938,0.28429471962566305,1377.929889298893,1742.2140221402215,0,688164.3971941744,126905.87185187117
664,7979,106,95400.0,9.54,68644.1162109375,1.3203277587890625,0.7195400022110849,1400.433962264151,1627.4622641509434,0,684721.844454496,126230.74966291343
665,125,332,298800.0,29.88,68395.36514282227,0.992706298828125,0.2289001510803958,36.9277108433735,1439.2409638554218,0,679075.2054456304,167135.93720553676
666,7293,152,136800.0,13.68,68376.02920532227,0.9635391235351562,0.4998247748927066,1301.592105263158,1457.217105263158,0,679614.4896878625,129196.00537294321
667,5366,251,225900.0,22.59,68193.35403442383,0.6582794189453125,0.30187407717761766,985.8565737051792,525.0199203187251,0,651648.5741395295,138668.07131968258
668,633,180,162000.0,16.2,68087.85095214844,0.9491119384765625,0.42029537624782987,132.13888888888889,2133.038888888889,0,699889.1431966344,164279.6018641713
669,5498,103,92700.0,9.27,67850.69732666016,1.266448974609375,0.7319384824882433,1013.9708737864078,1591.9514563106795,0,683656.5202192881,137824.6423172457
670,585,232,208800.0,20.88,67804.21142578125,0.8896408081054688,0.3247328133418642,126.75,1961.6508620689656,0,694747.5023920367,164441.26853083796
671,5143,320,288000.0,28.8,67786.75003051758,0.5362091064453125,0.23537065982818603,943.84375,153.19375,0,640493.7890299677,139928.45603083796
672,8962,156,140400.0,14.04,67457.83996582031,0.8256988525390625,0.4804689456255008,1568.820512820513,100.2051282051282,0,638904.1303761216,121179.15314622257
673,759,232,208800.0,20.88,67280.97381591797,1.4643707275390625,0.32222688609156114,153.5344827586207,1135.4525862068965,0,669961.5541161746,163637.73404807935
674,3154,55,49500.0,4.95,67249.71084594727,2.4946136474609375,1.3585800170898437,596.290909090909,1556.1272727272728,0,682581.794711786,150355.0412581107
675,11022,68,61200.0,6.12,67224.39422607422,2.325347900390625,1.0984378141515396,1823.6323529411766,940.5882352941177,1,664115.6235887912,113534.79794260266
676,10068,74,66600.0,6.66,67198.79608154297,2.5172042846679688,1.0089909321553,1707.1756756756756,2277.9054054054054,0,704235.1386921299,117028.49826056769
677,8465,225,202500.0,20.25,67173.3901977539,0.776519775390625,0.3317204454210069,1488.7688888888888,661.3822222222223,0,655739.4431966344,123580.7018641713
678,5903,249,224100.0,22.41,67005.80749511719,0.8848190307617188,0.2989995872160517,1101.6104417670683,1808.3453815261043,0,690148.3379757509,135195.4552778259
679,495,173,155700.0,15.57,66838.82217407227,1.1054916381835938,0.42927952584503704,105.13294797687861,130.07514450867052,0,639800.2308652279,165089.7800915316
680,9697,273,245700.0,24.57,66054.57000732422,0.6013259887695312,0.2688423687721783,1664.2893772893774,575.2930402930403,0,653156.7677387589,118315.08721215664
681,5284,106,95400.0,9.54,65939.87274169922,1.4586029052734375,0.6911936346090065,969.1415094339623,32.4622641509434,0,636871.844454496,139169.5232478191
682,4135,110,99000.0,9.9,65525.04959106445,2.130767822265625,0.6618691877885299,761.6272727272727,1913.7818181818182,0,693311.4310754223,145394.95034901978
683,10592,122,109800.0,10.98,65509.002685546875,1.41339111328125,0.5966211537845799,1775.4344262295083,1020.9426229508197,0,666526.2552184924,114980.73574395271
684,9078,277,249300.0,24.93,65455.63659667969,0.7046356201171875,0.26255770796903205,1582.332129963899,1316.5126353790613,0,675393.3555913395,120773.804631921
685,5600,142,127800.0,12.78,64860.081481933594,1.2217178344726562,0.5075123746630171,1032.2112676056338,1979.394366197183,0,695279.8075158832,137277.43050266895
686,5549,189,170100.0,17.01,64830.638122558594,0.83673095703125,0.3811324992507854,1021.9206349206349,1107.7513227513227,0,669130.5162125074,137586.1494832189
687,1397,256,230400.0,23.04,64818.7385559082,0.5812301635742188,0.281331330537796,271.09375,1916.953125,0,693406.5702799677,160110.95603083796
688,991,57,51300.0,5.13,64818.08624267578,2.332611083984375,1.2635104530736019,189.78947368421052,1481.0877192982457,0,680330.6081089152,162550.08432031164
689,77,141,126900.0,12.69,64757.95669555664,1.1365432739257812,0.5103069873566323,21.71631205673759,732.3120567375887,0,657867.3382320954,167592.27916913584
690,1078,298,268200.0,26.82,64252.35900878906,0.5912857055664062,0.23956882553612627,212.40939597315437,1826.5738255033557,0,690695.1912950684,161871.48665164332
691,10219,305,274500.0,27.45,64073.350524902344,1.0275726318359375,0.23341839899782274,1739.0229508196721,1877.1540983606558,0,692212.5994807874,116073.0800062478
692,2281,163,146700.0,14.67,63975.050354003906,0.799957275390625,0.4360944127743961,452.77914110429447,1449.3496932515338,0,679378.4673275137,154660.39429770914
693,19,255,229500.0,22.95,63942.96340942383,0.5968399047851562,0.2786185769473805,18.294117647058822,1498.478431372549,1,680852.3294711442,167694.94500142618
694,635,174,156600.0,15.66,63861.973571777344,0.809356689453125,0.40780315179934445,134.33333333333334,326.2931034482759,0,645686.769633416,164213.76853083796
695,7156,111,99900.0,9.99,63844.388580322266,1.0904464721679688,0.6390829687719947,1285.900900900901,929.7207207207207,0,663789.5981515894,129666.74150381093
696,5754,325,292500.0,29.25,63694.864654541016,0.588134765625,0.21776022104116585,1073.513846153846,736.4492307692308,0,657991.4534530446,136038.35314622257
697,6711,157,141300.0,14.13,63621.812438964844,1.2923583984375,0.4502605268150378,1222.592356687898,853.8216560509554,0,661512.6262114964,131565.99783020103
698,4752,225,202500.0,20.25,63613.936614990234,0.739044189453125,0.3141428968641493,876.6088888888889,1916.1777777777777,0,693383.3098633011,141945.5018641713
699,791,47,42300.0,4.23,63589.99328613281,3.8585662841796875,1.5033095339511304,156.12765957446808,1119.1063829787233,0,669471.1680193294,163559.9387436039
700,123,248,223200.0,22.32,63459.63363647461,0.609344482421875,0.2843173550021264,31.661290322580644,1274.366935483871,0,674128.9845944839,167293.92982116053
701,9641,85,76500.0,7.65,63458.39080810547,1.6818313598632812,0.829521448471967,1649.5411764705882,988.5176470588235,0,665553.5059417324,118757.53323672031
702,689,102,91800.0,9.18,63426.180267333984,1.53692626953125,0.6909169963761872,142.3235294117647,1560.950980392157,0,682726.5059417324,163974.062648485
703,4530,288,259200.0,25.92,63405.88302612305,0.88189697265625,0.24462146229214138,840.9131944444445,1410.8645833333333,0,678223.9140299677,143016.37269750462
704,8137,241,216900.0,21.69,63359.47265625,0.5989151000976562,0.2921137512966805,1431.8464730290457,572.6639004149378,0,653077.8935424159,125288.3743399666
705,4867,201,180900.0,18.09,63334.41696166992,0.7118988037109375,0.3501073353326143,895.8805970149253,1325.1641791044776,0,675652.901903102,141367.3506203902
706,10430,236,212400.0,21.24,63306.95114135742,0.6170806884765625,0.29805532552428166,1761.915254237288,255.45762711864407,0,643561.705343527,115386.3109037193
707,4113,43,38700.0,3.87,63178.108978271484,2.8285293579101562,1.6325092759243278,751.7906976744187,1907.0,0,693107.9765299677,145690.0476006054
708,2706,185,166500.0,16.65,62986.08856201172,1.0938491821289062,0.3782948261982686,530.6,1598.5297297297298,0,683853.8684218596,152325.76853083796
709,7337,254,228600.0,22.86,62983.48617553711,0.5625534057617188,0.27551831222894624,1316.3937007874015,535.6141732283464,0,651966.4017268182,128751.9575072159
710,10604,141,126900.0,12.69,62838.01345825195,1.11444091796875,0.4951774110185339,1777.822695035461,2293.631205673759,0,704706.9127001805,114909.08767977412
711,2486,170,153000.0,15.3,62710.9016418457,0.88494873046875,0.4098751741297105,491.77647058823527,2293.858823529412,0,704713.7412358501,153490.4744131909
712,2150,204,183600.0,18.36,62509.54284667969,0.716400146484375,0.3404659196442249,428.73039215686276,2026.3725490196077,0,696689.1530005559,155381.85676613208
713,143,69,62100.0,6.21,62353.55758666992,1.860870361328125,1.0040830529254416,33.04347826086956,1464.927536231884,0,679845.8026169243,167252.46418301188
714,9972,174,156600.0,15.66,62075.96740722656,1.20501708984375,0.3963982593054059,1703.5,1557.2011494252874,0,682614.0110127263,117138.76853083796
715,2147,197,177300.0,17.73,62041.14761352539,0.9530715942382812,0.3499218703526531,429.51269035532994,1659.4010152284263,0,685680.0069868205,155358.38782017806
716,8487,103,92700.0,9.27,61804.76989746094,1.40277099609375,0.6667181218712075,1486.2524271844661,1426.4563106796118,0,678691.6658503561,123656.19571530397
717,6382,249,224100.0,22.41,61729.62341308594,0.7870864868164062,0.2754557046545557,1176.6265060240964,1404.6506024096386,0,678037.4946022569,132944.97335011506
718,10790,65,58500.0,5.85,61684.32540893555,2.7004776000976562,1.0544329129732573,1794.8307692307692,215.52307692307693,0,642363.66883766,114398.84545391488
719,6540,194,174600.0,17.46,61676.937103271484,1.1005020141601562,0.3532470624471448,1198.8865979381444,1367.3453608247423,0,676918.33735471,132277.1705926936
720,8656,187,168300.0,16.83,61661.878967285156,1.0750274658203125,0.36638074252694686,1519.4010695187167,46.3475935828877,0,637288.4043374544,122661.73644527646
721,9850,45,40500.0,4.05,61476.361083984375,5.462974548339844,1.517934841579861,1675.9555555555555,41.71111111111111,0,637149.3098633011,117965.1018641713
722,4491,285,256500.0,25.65,61318.157958984375,0.602203369140625,0.23905714603892544,830.7824561403509,1763.7719298245613,0,688811.1344247046,143320.29484662742
723,8010,235,211500.0,21.15,61239.097595214844,0.69866943359375,0.28954656073387636,1415.8,199.9276595744681,0,641895.8063172018,125769.76853083796
724,918,260,234000.0,23.4,61035.30807495117,0.5909042358398438,0.26083464989295374,185.31153846153848,1526.696153846154,0,681698.8611453524,162684.4223769918
725,10030,180,162000.0,16.2,60976.16729736328,0.7447586059570312,0.3763960944281684,1704.338888888889,2043.588888888889,0,697205.6431966344,117113.60186417129
726,8587,160,144000.0,14.4,60971.12731933594,0.8483734130859375,0.42341060638427735,1504.3,1379.28125,0,677276.4140299677,123114.76853083796
727,5630,332,298800.0,29.88,60809.64889526367,0.528228759765625,0.20351288117558122,1047.1626506024097,623.6867469879518,0,654608.5789396063,136828.88901276566
728,9533,123,110700.0,11.07,60739.12353515625,1.0640716552734375,0.548682236089939,1636.6747967479675,865.6585365853658,0,661867.7326275287,119143.52462839894
729,1810,165,148500.0,14.85,60584.18884277344,1.031707763671875,0.407974335641572,358.7878787878788,368.1636363636364,0,646942.8856208768,157480.1321672016
730,2002,250,225000.0,22.5,60065.455627441406,0.5071868896484375,0.2669575805664062,397.3,983.032,0,665388.9365299677,156324.76853083796
731,2385,236,212400.0,21.24,59884.28421020508,0.5745925903320312,0.28194107443599375,475.52542372881356,1781.75,0,689350.4765299677,153978.00581897356
732,6049,228,205200.0,20.52,59857.57369995117,0.68817138671875,0.29170357553582443,1125.25,487.87719298245617,0,650534.2923194414,134486.26853083796
733,2883,153,137700.0,13.77,59833.01239013672,0.9328231811523438,0.43451715606489993,562.7908496732026,544.1699346405229,0,652223.0745691834,151360.04304064187
734,3341,147,132300.0,13.23,59708.331298828125,1.0724563598632812,0.45131013831313777,628.156462585034,1075.8639455782313,0,668173.8948973147,149399.07465328695
735,685,297,267300.0,26.73,59641.719818115234,0.5372467041015625,0.22312652382385048,157.2962962962963,344.13468013468014,0,646222.0169340081,163524.87964194908
736,572,214,192600.0,19.26,59550.36849975586,0.6421432495117188,0.3091919444431768,120.82710280373831,1931.892523364486,0,693854.7522309023,164618.9554467258
737,963,114,102600.0,10.26,59380.897521972656,1.306304931640625,0.5787611844246847,185.08771929824562,1492.9561403508771,0,680686.660740494,162691.1369518906
738,9945,78,70200.0,7.02,59336.952209472656,1.4821701049804688,0.8452557294796674,1688.8846153846155,576.2692307692307,0,653186.0534530446,117577.23006929949
739,7489,36,32400.0,3.24,59221.27990722656,2.6110687255859375,1.8278172810872395,1325.75,841.8333333333334,0,661152.9765299677,128471.26853083796
740,9515,121,108900.0,10.89,58875.81481933594,1.006866455078125,0.5406410910866477,1632.7768595041323,1902.1487603305786,0,692962.4393398851,119260.46274571399
741,30,208,187200.0,18.72,58797.99041748047,0.5513992309570312,0.31409182915320766,15.177884615384615,772.3269230769231,1,659067.7842222755,167788.43199237643
742,5349,202,181800.0,18.18,58693.20831298828,0.5326919555664062,0.322844930214457,985.6782178217821,854.1386138613861,0,661522.1349458094,138673.4219961845
743,241,172,154800.0,15.48,58689.1227722168,0.6646499633789062,0.37912870007891986,50.88953488372093,1107.3197674418604,0,669117.5695532236,166717.08248432633
744,40,59,53100.0,5.31,58608.88137817383,2.9754180908203125,1.1037454120183394,14.508474576271187,117.1864406779661,0,639413.5697503068,167808.51429354982
745,6861,246,221400.0,22.14,58326.60827636719,0.5579681396484375,0.26344448182641006,1239.9105691056911,483.3211382113821,0,650397.6106763092,131046.45145766722
746,3885,27,24300.0,2.43,58210.59265136719,4.878997802734375,2.3954976399739585,716.6666666666666,306.48148148148147,0,645092.4209744122,146743.76853083796
747,5801,98,88200.0,8.82,58083.494567871094,1.1421279907226562,0.6585430223114637,1070.3367346938776,2012.4591836734694,0,696271.7520401718,136133.66649002163
748,6404,143,128700.0,12.87,57816.36199951172,0.8864593505859375,0.449233581969788,1174.6153846153845,1617.013986013986,0,684408.3961103873,133005.30699237643
749,6744,214,192600.0,19.26,57659.3879699707,0.5271682739257812,0.2993737693144896,1223.3785046728972,2302.0280373831774,0,704958.8176514631,131542.41339065105
750,9817,309,278100.0,27.81,57575.260162353516,1.051483154296875,0.20703078087865343,1680.5533980582525,606.6957928802589,0,654098.8503163755,117827.16658909038
751,9310,194,174600.0,17.46,57561.28692626953,0.6148757934570312,0.3296751828537774,1607.541237113402,2146.505154639175,0,700293.131169143,120017.5314174359
752,6821,64,57600.0,5.76,57211.3655090332,1.5329360961914062,0.9932528734207153,1227.328125,1492.46875,0,680672.0390299677,131423.92478083796
753,7359,45,40500.0,4.05,57058.07876586914,2.6731643676757812,1.4088414510091145,1310.8,899.0666666666667,0,662869.9765299677,128919.76853083796
754,7675,156,140400.0,14.04,56956.02951049805,0.953765869140625,0.4056697258582482,1358.1602564102564,2315.49358974359,0,705362.7842222755,127498.96083853027
755,8507,173,155700.0,15.57,56876.200103759766,0.9453125,0.36529351383275377,1493.208092485549,1027.1618497109826,0,666712.8320212972,123447.52575627148
756,5650,161,144900.0,14.49,56731.31103515625,0.9060134887695312,0.3915204350252329,1041.5031055900622,387.4782608695652,0,647522.3243560547,136998.6753631361
757,1046,118,106200.0,10.62,56593.86520385742,2.0557098388671875,0.5328989190570379,202.07627118644066,403.41525423728814,0,648000.4341570864,162181.48039524473
758,9154,77,69300.0,6.93,56544.873046875,2.0374526977539062,0.8159433340097403,1586.935064935065,1907.4025974025974,0,693120.0544520457,120635.716582786
759,5029,195,175500.0,17.55,56542.8955078125,0.5396957397460938,0.3221817407852564,922.2974358974359,2078.8205128205127,0,698262.5919145831,140574.8454539149
760,1216,154,138600.0,13.86,56266.3215637207,0.8491592407226562,0.40596191604416093,228.97402597402598,2282.025974025974,0,704358.7557507469,161374.54775161718
761,8373,187,168300.0,16.83,56226.07727050781,0.859771728515625,0.33408245555857286,1474.8609625668448,1433.4385026737968,0,678901.1316101816,123997.93965383261
762,7251,195,175500.0,17.55,56152.18734741211,0.6512451171875,0.31995548346103764,1297.8358974358973,302.12307692307695,0,644961.66883766,129308.69160776104
763,7568,167,150300.0,15.03,55960.5583190918,1.6843414306640625,0.3723257373193067,1342.9880239520958,82.67664670658682,0,638378.2759311653,127954.12781227508
764,7636,245,220500.0,22.05,55751.36489868164,0.574493408203125,0.2528406571368782,1357.9795918367347,2171.6204081632654,0,701046.5887748657,127504.38077573592
765,8699,157,141300.0,14.13,55713.736724853516,1.1869735717773438,0.39429396125161725,1530.0764331210191,983.7324840764331,0,665409.9510522607,122341.47553720739
766,9885,137,123300.0,12.33,55527.76565551758,0.8715667724609375,0.45034684229941263,1683.978102189781,947.1897810218978,0,664313.6699606247,117724.42546514452
767,6906,184,165600.0,16.56,55507.454681396484,0.8237533569335938,0.3351899437282396,1245.1467391304348,2052.8641304347825,0,697483.9004430112,130889.36635692492
768,2726,72,64800.0,6.48,55481.163024902344,2.089141845703125,0.8561907874213325,532.6944444444445,1510.7777777777778,0,681221.3098633011,152262.93519750462
769,7724,260,234000.0,23.4,55256.87026977539,0.5233840942382812,0.23614047123835638,1370.0961538461538,963.8615384615384,0,664813.8226838139,127140.88391545333
770,3090,207,186300.0,18.63,55201.148986816406,1.3292236328125,0.2963024636973505,591.7391304347826,1676.816425120773,0,686202.4692835909,150491.59461779447
771,1969,239,215100.0,21.51,55120.7633972168,0.6165618896484375,0.25625645465930635,392.98326359832635,1447.4769874476988,0,679322.2861533987,156454.27062288817
772,10258,81,72900.0,7.29,55073.350524902344,1.1669387817382812,0.7554643419053819,1734.8395061728395,2305.41975308642,0,705060.5691225603,116198.58334565278
773,6549,243,218700.0,21.87,55008.51058959961,0.7990264892578125,0.2515249684023759,1197.559670781893,52.4238683127572,0,637470.6925793504,132316.97840738116
774,10197,35,31500.0,3.15,54993.81637573242,5.764991760253906,1.745835440499442,1723.7142857142858,2236.8,0,703001.9765299677,116532.33995940938
775,538,78,70200.0,7.02,54973.79379272461,1.8374710083007812,0.7831024756798377,112.84615384615384,1100.320512820513,0,668907.5919145831,164858.38391545333
776,2094,141,126900.0,12.69,54867.39807128906,0.8272552490234375,0.4323672030834442,416.21985815602835,2276.432624113475,0,704190.955253372,155757.1727861571
777,6505,146,131400.0,13.14,54545.62225341797,0.8546066284179688,0.41511128046741225,1192.2465753424658,1108.6986301369864,0,669158.9354340773,132476.37127056398
778,1683,144,129600.0,12.96,54414.349365234375,0.9048843383789062,0.41986380683051217,324.18055555555554,2292.1388888888887,0,704662.1431966344,158518.3518641713
779,6086,57,51300.0,5.13,53858.81881713867,3.444305419921875,1.049879509106017,1125.4035087719299,521.280701754386,0,651536.3975825993,134481.66326768007
780,3916,84,75600.0,7.56,53797.08938598633,1.7441787719726562,0.7116017114548456,721.6071428571429,1495.452380952381,0,680761.5479585392,146595.55424512367
781,10587,226,203400.0,20.34,53783.26721191406,0.5883407592773438,0.26442117606644083,1777.1150442477876,425.7433628318584,0,648670.2774149235,114930.31720340432
782,11017,163,146700.0,14.67,53559.62677001953,0.882720947265625,0.3650962970008148,1823.840490797546,1250.079754601227,0,673400.3691680046,113528.55380691157
783,264,110,99000.0,9.9,53542.13104248047,1.1870574951171875,0.5408296064897017,56.654545454545456,1083.4545454545455,0,668401.6128936041,166544.1321672016
784,3601,118,106200.0,10.62,53422.00241088867,1.225128173828125,0.5030320377673133,669.042372881356,2144.237288135593,0,700225.0951740355,148172.49734439727
785,5826,199,179100.0,17.91,53392.81311035156,0.62322998046875,0.2981173261326162,1077.0452261306532,860.6281407035176,0,661716.8207510733,135932.41174691837
786,5875,189,170100.0,17.01,53308.95309448242,0.5915145874023438,0.31339772542317706,1091.5291005291006,2079.6666666666665,0,698287.9765299677,135497.89551496494
787,4619,165,148500.0,14.85,53074.202728271484,0.7928314208984375,0.35740203857421876,845.0363636363636,209.62424242424242,0,642186.703802695,142892.67762174705
788,4540,184,165600.0,16.56,52522.352600097656,0.5526885986328125,0.3171639649764351,833.5,1740.6467391304348,0,688117.3787038808,143238.76853083796
789,2987,166,149400.0,14.94,52489.37301635742,0.8097686767578125,0.35133449140801487,571.6807228915662,1638.5361445783133,0,685054.0608673171,151093.34684409096
790,7,140,126000.0,12.6,52487.57400512695,0.7383270263671875,0.4165680476597377,8.478571428571428,2268.6071428571427,0,703956.190815682,167989.41138798083
791,9621,145,130500.0,13.05,52418.80645751953,1.683349609375,0.40167667783539873,1649.193103448276,1474.8137931034482,0,680142.3903230712,118767.97542738968
792,4777,191,171900.0,17.19,52358.553314208984,0.6044692993164062,0.30458727931477014,878.0471204188482,353.0,0,646487.9765299677,141902.35491827253
793,9735,210,189000.0,18.9,52305.29708862305,1.4841232299804688,0.2767476036435082,1667.9238095238095,146.85238095238094,0,640303.5479585392,118206.05424512367
794,2308,207,186300.0,18.63,52229.34036254883,0.5464324951171875,0.2803507265837296,459.512077294686,227.3671497584541,0,642718.9910227214,154458.40621199738
795,8436,121,108900.0,10.89,52176.46179199219,0.8810882568359375,0.479122697814437,1475.0,1488.0082644628098,0,680538.224463852,123993.76853083796
796,10056,43,38700.0,3.87,52040.88363647461,2.5652999877929688,1.344725675361101,1704.9767441860465,2298.906976744186,0,704865.1858322934,117094.46620525655
797,4197,81,72900.0,7.29,51963.773345947266,1.8212814331054688,0.7128089622214988,771.2469135802469,1860.2716049382716,0,691706.1246781158,145106.36112343054
798,8671,140,126000.0,12.6,51944.78759765625,0.9996185302734375,0.4122602190290179,1524.807142857143,1162.7071428571428,0,670779.190815682,122499.55424512367
799,2280,62,55800.0,5.58,51925.177001953125,1.826080322265625,0.9305587276335685,450.8225806451613,43.435483870967744,0,637201.0410460968,154719.0911114831
800,5222,214,192600.0,19.26,51808.71505737305,0.5828857421875,0.2689964437039099,968.9158878504672,815.0654205607476,0,660349.9391467902,139176.29189532396
801,7787,77,69300.0,6.93,51695.631408691406,2.3500900268554688,0.7459687071961242,1374.935064935065,1056.6363636363637,0,667597.0674390587,126995.716582786
802,1339,122,109800.0,10.98,51676.995849609375,0.9505081176757812,0.4706465924372438,253.12295081967213,1538.4180327868853,0,682050.5175135743,160650.0800062478
803,10680,122,109800.0,10.98,51668.275451660156,0.8186111450195312,0.47056717169089396,1784.1065573770493,2272.6311475409834,0,704076.9109561972,114720.57180952647
804,9540,194,174600.0,17.46,51663.777923583984,0.6728591918945312,0.29589792625191286,1641.701030927835,592.5257731958762,0,653673.749725844,118992.7376030029
805,2493,250,225000.0,22.5,51436.724853515625,0.539215087890625,0.228607666015625,497.028,367.58,0,646925.3765299678,153332.92853083796
806,9647,68,61200.0,6.12,51412.623596191406,2.11553955078125,0.8400755489573759,1649.3676470588234,2122.1911764705883,0,699563.7118240853,118762.73911907326
807,4039,76,68400.0,6.84,51049.0104675293,2.1383285522460938,0.7463305623907792,741.9342105263158,1899.6842105263158,0,692888.5028457572,145985.7422150485
808,10670,128,115200.0,11.52,50818.153381347656,0.7008819580078125,0.44112980365753174,1782.15625,1868.90625,0,691965.1640299677,114779.08103083796
809,3791,88,79200.0,7.92,50703.11965942383,1.6971359252929688,0.640190904790705,695.2272727272727,1834.3181818181818,0,690927.5219845132,147386.95034901978
810,1650,218,196200.0,19.62,50681.922912597656,0.5904922485351562,0.258317649911303,323.7110091743119,585.4082568807339,0,653460.2242363897,158532.4382556086
811,3750,64,57600.0,5.76,50487.355041503906,2.438323974609375,0.876516580581665,690.375,1868.75,0,691960.4765299677,147532.51853083796
812,7999,75,67500.0,6.75,50430.081939697266,1.9723663330078125,0.7471123250325521,1404.5733333333333,1088.52,0,668553.5765299677,126106.56853083796
813,9755,52,46800.0,4.68,50356.768798828125,1.7764129638671875,1.0759993333082933,1662.3076923076924,1218.3653846153845,0,672448.9380684292,118374.53776160718
814,1703,121,108900.0,10.89,50184.91516113281,0.8309783935546875,0.46083484996448865,326.42148760330576,2003.2644628099174,0,695995.9104142652,158451.1239027388
815,303,179,161100.0,16.11,50182.11364746094,0.5789337158203125,0.3114966706856669,65.70391061452514,2323.0837988826815,1,705590.4904964482,166272.6512124022
816,10462,170,153000.0,15.3,50103.492736816406,0.7561187744140625,0.32747380873736215,1762.8764705882354,323.7176470588235,0,645609.5059417324,115357.4744131909
817,6295,201,180900.0,18.09,50097.48458862305,0.7172012329101562,0.27693468539869015,1170.6218905472638,2320.731343283582,0,705519.9168284752,133125.11181442003
818,7316,160,144000.0,14.4,49996.51336669922,0.6569366455078125,0.3471980094909668,1304.26875,515.6375,0,651367.1015299677,129115.70603083796
819,4523,15,13500.0,1.35,49895.8854675293,7.474151611328125,3.6959915161132812,821.6666666666666,1565.4666666666667,0,682861.9765299677,143593.76853083796
820,9582,80,72000.0,7.2,49847.882080078125,1.272491455078125,0.6923316955566406,1643.0875,1442.9625,0,679186.8515299677,118951.14353083796
821,632,60,54000.0,5.4,49824.43313598633,1.7691192626953125,0.9226746877034505,127.63333333333334,1980.75,0,695320.4765299677,164414.76853083796
822,3183,225,202500.0,20.25,49422.28546142578,0.529571533203125,0.2440606689453125,603.1377777777777,519.9466666666667,0,651496.3765299678,150149.63519750463
823,8943,27,24300.0,2.43,49370.32012939453,5.743080139160156,2.0317004168475115,1559.7777777777778,983.0,0,665387.9765299677,121450.43519750462
824,907,57,51300.0,5.13,49183.463287353516,1.977813720703125,0.9587419744123492,175.3859649122807,1466.6666666666667,0,679897.9765299677,162982.18958346953
825,467,90,81000.0,8.1,49169.840240478516,1.3104629516601562,0.6070350646972656,100.32222222222222,2096.488888888889,0,698792.6431966344,165234.1018641713
826,595,67,60300.0,6.03,49129.307556152344,1.5863265991210938,0.8147480523408349,121.07462686567165,1544.089552238806,0,682220.6630971319,164611.5297248678
827,2310,28,25200.0,2.52,48981.211853027344,3.2952651977539062,1.9436988830566406,454.82142857142856,1973.8214285714287,0,695112.6193871106,154599.1256736951
828,7902,72,64800.0,6.48,48922.44186401367,2.1095733642578125,0.754975954691569,1393.9305555555557,1058.7916666666667,0,667661.7265299677,126425.85186417129
829,2890,110,99000.0,9.9,48792.6383972168,3.8388900756835938,0.4928549333052202,561.3,391.77272727272725,0,647651.1583481495,151404.76853083796
830,5425,159,143100.0,14.31,48605.93948364258,0.7757949829101562,0.3396641473350285,1000.0754716981132,251.0817610062893,0,643430.4293601564,138241.50437989456
831,8630,129,116100.0,11.61,48320.741271972656,0.96142578125,0.4161993218946827,1511.2093023255813,1446.2170542635658,0,679284.4881578747,122907.48946107051
832,10608,156,140400.0,14.04,48272.483825683594,0.754241943359375,0.3438211098695413,1776.4551282051282,1298.3910256410256,0,674849.7072991985,114950.11468468411
833,120,162,145800.0,14.58,47913.299560546875,0.9284286499023438,0.3286234537760417,34.01851851851852,2323.8395061728397,1,705613.1617151529,167223.2129752824
834,10391,159,143100.0,14.31,47897.16339111328,0.81219482421875,0.3347111348086183,1752.754716981132,1165.993710691824,0,670877.7878507224,115661.127021404
835,7681,113,101700.0,10.17,47575.318908691406,1.025146484375,0.4678005792398368,1357.5309734513273,1942.3185840707965,0,694167.5340520917,127517.83932729813
836,6531,163,146700.0,14.67,47464.363861083984,0.8605117797851562,0.3235471292507429,1195.2883435582821,1352.239263803681,0,676465.1544440782,132385.1182240895
837,2851,41,36900.0,3.69,47230.54733276367,2.4266586303710938,1.2799606323242188,549.1219512195122,329.4878048780488,0,645782.6106763092,151770.1099942526
838,9241,125,112500.0,11.25,46842.07763671875,1.1043777465820312,0.4163740234375,1601.448,1059.344,0,667678.2965299677,120200.32853083796
839,577,41,36900.0,3.69,46824.41711425781,3.611358642578125,1.2689543933403202,117.7560975609756,1121.9512195121952,0,669556.5131153336,164711.0856040087
840,2069,39,35100.0,3.51,46440.42434692383,2.9309539794921875,1.3230890127328725,405.56410256410254,1963.025641025641,0,694788.745760737,156076.8454539149
841,3949,30,27000.0,2.7,46422.09777832031,2.9621810913085938,1.719336954752604,725.2,2153.6666666666665,0,700507.9765299677,146487.76853083796
842,1526,120,108000.0,10.8,46388.93280029297,0.8863372802734375,0.4295271555582682,292.14166666666665,1890.9166666666667,0,692625.4765299677,159479.51853083796
843,9651,233,209700.0,20.97,46327.793884277344,0.64404296875,0.2209241482321285,1655.5622317596567,1140.107296137339,0,670101.195414088,118576.90157804826
844,5649,239,215100.0,21.51,46296.956634521484,0.5002288818359375,0.21523457291734768,1040.1171548117154,224.7866108786611,0,642641.5748563276,137040.2538864865
845,3519,73,65700.0,6.57,46203.25012207031,2.1422653198242188,0.7032458161654538,655.054794520548,1540.3150684931506,0,682107.4285847623,148592.12469522152
846,700,174,156600.0,15.66,46151.202392578125,0.560455322265625,0.2947075503996049,148.683908045977,422.51724137931035,0,648573.4937713471,163783.25128945865
847,9265,148,133200.0,13.32,46146.12808227539,1.1236419677734375,0.3464424030200855,1602.8986486486488,2202.3310810810813,0,701967.9089624002,120156.80907137849
848,5400,232,208800.0,20.88,46035.30349731445,0.509765625,0.22047559146223397,1001.0862068965517,899.5603448275862,0,662884.7868747953,138211.1823239414
849,5725,203,182700.0,18.27,45905.836486816406,0.516876220703125,0.25126347283424416,1054.9852216748768,159.01477832512316,0,640668.4198797215,136594.21188059164
850,6628,58,52200.0,5.22,45806.66427612305,1.5572586059570312,0.8775223041402882,1202.5,1325.5344827586207,0,675664.0110127263,132168.76853083796
851,4263,193,173700.0,17.37,45802.98385620117,0.5282821655273438,0.2636901776407667,789.9119170984455,916.7823834196892,0,663401.4480325584,144546.4110178846
852,1658,52,46800.0,4.68,45753.18832397461,1.7893905639648438,0.9776322291447566,316.96153846153845,2024.6923076923076,0,696638.745760737,158734.9223769918
853,6330,116,104400.0,10.44,45613.37356567383,0.9964828491210938,0.4369097084834658,1168.0,1731.9396551724137,0,687856.1661851401,133203.76853083796
854,341,167,150300.0,15.03,45611.89727783203,0.6317596435546875,0.3034723704446576,74.30538922155688,1950.491017964072,0,694412.7070688899,166014.60685419125
855,5300,195,175500.0,17.55,45487.49771118164,0.5922012329101562,0.25918802114633416,978.8256410256411,959.6564102564103,0,664687.66883766,138878.99930006874
856,2671,131,117900.0,11.79,45440.208435058594,0.70892333984375,0.38541313346105677,518.1908396946565,2086.022900763359,0,698478.6635528685,152698.04333999826
857,2849,191,171900.0,17.19,45395.62454223633,0.6652450561523438,0.2640815854696703,559.8219895287958,2052.434554973822,0,697471.0131791824,151449.10884497408
858,1963,159,143100.0,14.31,45202.99301147461,0.6735000610351562,0.3158839483680965,382.64150943396226,501.2138364779874,0,650934.3916243074,156764.5232478191
859,10849,107,96300.0,9.63,45142.1630859375,1.2509002685546875,0.4687659718165888,1805.018691588785,862.7289719626168,0,661779.8456888462,114093.20778317441
860,1905,91,81900.0,8.19,44736.91864013672,1.089111328125,0.5462383228343922,373.7142857142857,2069.076923076923,0,697970.2842222755,157032.33995940938
861,10175,192,172800.0,17.28,44638.61846923828,0.5393295288085938,0.25832533836364746,1725.5,97.88541666666667,0,638834.5390299677,116478.76853083796
862,2032,171,153900.0,15.39,44625.022888183594,0.8286972045898438,0.28996116236636515,403.50877192982455,563.8362573099415,0,652813.0642492659,156138.5053729432
863,7618,143,128700.0,12.87,44610.0471496582,0.7331695556640625,0.3466204129732572,1350.0839160839162,2147.4615384615386,0,700321.8226838139,127741.25104832047
864,2158,118,106200.0,10.62,44449.83215332031,0.7839279174804688,0.4185483253608316,425.83898305084745,2317.262711864407,0,705415.8578859,155468.59903931254
865,1510,95,85500.0,8.55,44321.00372314453,1.633636474609375,0.518374312551398,288.1578947368421,1119.2,0,669473.9765299677,159599.0316887327
866,489,107,96300.0,9.63,44315.023040771484,0.9892425537109375,0.4601767709322065,106.76635514018692,1150.4205607476636,0,670410.5933523977,165040.77787663235
867,3581,175,157500.0,15.75,44094.25277709961,0.5547866821289062,0.2799635096958705,670.4857142857143,924.8514285714285,0,663643.5193871106,148129.19710226654
868,4905,26,23400.0,2.34,44026.94091796875,4.078681945800781,1.8814932016225963,895.7307692307693,68.61538461538461,0,637956.4380684292,141371.8454539149
869,5479,104,93600.0,9.36,43830.594635009766,1.1866455078125,0.46827558370736927,1011.1057692307693,1971.7307692307693,0,695049.8996068909,137910.5954539149
870,7104,192,172800.0,17.28,43750.48370361328,0.584625244140625,0.2531856695810954,1276.9791666666667,293.28125,0,644696.4140299677,129934.39353083796
871,332,151,135900.0,13.59,43559.2529296875,0.70001220703125,0.32052430411837746,70.01324503311258,2288.0529801324506,0,704539.5659339413,166143.37117984457
872,1630,140,126000.0,12.6,43502.247619628906,0.6852951049804688,0.3452559334891183,313.09285714285716,2233.7428571428572,0,702910.2622442534,158850.98281655225
873,9049,179,161100.0,16.11,43459.82666015625,0.6525497436523438,0.2697692530115223,1580.6145251396647,508.8435754189944,0,651163.2837925375,120825.33277664802
874,8548,94,84600.0,8.46,43235.430908203125,1.0311737060546875,0.5110571029338431,1495.2021276595744,1397.0851063829787,0,677810.529721457,123387.70470105072
875,2655,148,133200.0,13.32,43201.009368896484,0.680511474609375,0.3243319021688925,518.2635135135135,475.2094594594595,0,650154.2603137515,152695.86312543254
876,5394,169,152100.0,15.21,43198.31771850586,0.5208816528320312,0.2840126082742003,999.0236686390532,1782.9585798816568,0,689386.7339264174,138273.05847166636
877,7106,78,70200.0,7.02,43071.98181152344,1.2238922119140625,0.6135609944661459,1273.0897435897436,1206.1153846153845,0,672081.4380684292,130051.07622314565
878,5491,41,36900.0,3.69,43040.10772705078,3.1667633056640625,1.1663985833889101,1007.609756097561,1717.6829268292684,0,687428.4643348458,138015.47584791112
879,5220,80,72000.0,7.2,42768.27163696289,1.3972320556640625,0.5940037727355957,960.225,13.775,0,636311.2265299677,139437.01853083796
880,2639,129,116100.0,11.61,42762.55187988281,1.185577392578125,0.36832516692405526,513.4573643410853,1872.3410852713178,0,692068.2090881072,152840.0476006054
881,10981,30,27000.0,2.7,42726.31072998047,2.242279052734375,1.5824559529622395,1814.3333333333333,1282.1333333333334,0,674361.9765299677,113813.76853083796
882,34,129,116100.0,11.61,42720.206451416016,0.6416549682617188,0.3679604345513869,16.0,928.0387596899225,1,663739.1393206654,167763.76853083796
883,6855,141,126900.0,12.69,42672.25112915039,2.3441925048828125,0.33626675436682735,1241.836879432624,2271.2127659574467,0,704034.3595086911,130988.66214785923
884,8898,190,171000.0,17.1,42397.64099121094,0.552642822265625,0.24793942100123356,1558.2578947368422,86.88421052631578,0,638504.5028457572,121496.03168873269
885,6413,235,211500.0,21.15,42268.524169921875,1.0451507568359375,0.19985117810837766,1190.1148936170214,1248.131914893617,0,673341.9339767762,132540.32172232732
886,3438,13,11700.0,1.17,42164.703369140625,5.941383361816406,3.60382080078125,636.5384615384615,1665.6153846153845,0,685866.4380684292,149147.61468468411
887,2852,53,47700.0,4.77,42013.37356567383,2.9514541625976562,0.8807835129072081,548.8867924528302,426.79245283018867,0,648701.7501148734,151777.16475725305
888,1139,35,31500.0,3.15,41808.69827270508,4.400352478027344,1.327260262625558,212.57142857142858,340.0857142857143,0,646100.5479585392,161866.6256736951
889,4664,160,144000.0,14.4,41749.90768432617,1.0939483642578125,0.2899299144744873,860.8,1463.61875,0,679806.5390299677,142419.76853083796
890,5045,118,106200.0,10.62,41549.89471435547,0.8405685424804688,0.39124194646285754,926.1101694915254,882.9661016949152,0,662386.9595808152,140460.4634460922
891,6117,59,53100.0,5.31,41521.3508605957,1.315765380859375,0.7819463438906912,1130.1694915254238,1776.050847457627,0,689179.5019536966,134338.68378507523
892,8069,114,102600.0,10.26,41440.4296875,0.861419677734375,0.4039028234649123,1422.877192982456,1298.6754385964912,0,674858.2396878625,125557.45274136428
893,3235,35,31500.0,3.15,41422.288513183594,3.358856201171875,1.3149932861328124,607.2857142857143,1447.3142857142857,0,679317.4051013963,150025.19710226654
894,3327,83,74700.0,7.47,41256.84814453125,1.816619873046875,0.5523005106362951,625.3132530120482,1520.2771084337348,0,681506.2897829798,149484.3709404765
895,5714,104,93600.0,9.36,41146.62094116211,0.9199295043945312,0.43960065108079177,1053.9903846153845,1926.1442307692307,0,693682.3034530446,136624.05699237643
896,7844,166,149400.0,14.94,41126.04217529297,0.553314208984375,0.2752747133553746,1385.6686746987953,497.4879518072289,0,650822.6150841846,126673.7082898741
897,3896,15,13500.0,1.35,41061.744689941406,5.661689758300781,3.0416107177734375,711.5333333333333,2165.0666666666666,0,700849.9765299677,146897.76853083796
898,9256,60,54000.0,5.4,40989.454650878906,1.2971420288085938,0.7590639750162761,1598.25,1899.6,0,692885.9765299677,120296.26853083796
899,9459,204,183600.0,18.36,40861.42272949219,0.6053695678710938,0.22255676867915133,1632.4264705882354,255.08823529411765,0,643550.6235887912,119270.9744131909
900,4737,158,142200.0,14.22,40859.80224609375,0.6501388549804688,0.28734038147745256,864.2974683544304,543.5759493670886,0,652205.2550109804,142314.84448020504
901,1431,71,63900.0,6.39,40530.9814453125,1.0363006591796875,0.6342876595510564,269.8169014084507,2306.4647887323945,0,705091.9201919396,160149.26148858445
902,9236,61,54900.0,5.49,40490.936279296875,2.09918212890625,0.7375398229380123,1597.639344262295,1810.1311475409836,0,690201.9109561973,120314.58820296911
903,4112,41,36900.0,3.69,40455.80749511719,2.3269119262695312,1.0963633467511433,753.9512195121952,1899.878048780488,0,692894.3179933823,145625.2319454721
904,3275,142,127800.0,12.78,40359.395599365234,0.5813446044921875,0.3158012175224197,616.112676056338,486.1478873239437,0,650482.4131496861,149760.38824914783
905,3441,196,176400.0,17.64,40233.231353759766,0.5891265869140625,0.22807954282176737,650.1275510204082,2012.3469387755101,0,696268.3846932331,148739.9420002257
906,4055,80,72000.0,7.2,39995.83053588867,1.8829345703125,0.5554976463317871,753.75,1891.45,0,692641.4765299677,145631.26853083796
907,2674,77,69300.0,6.93,39966.46957397461,1.425872802734375,0.5767167326691863,523.025974025974,1893.5324675324675,0,692703.9505559418,152552.98931005874
908,3640,116,104400.0,10.44,39818.89572143555,0.8236083984375,0.38140704714018725,674.4396551724138,2042.8620689655172,0,697183.8385989333,148010.57887566555
909,8694,99,89100.0,8.91,39721.94137573242,0.9106674194335938,0.44581303452000476,1526.2727272727273,1032.4646464646464,0,666871.9159239072,122455.58671265614
910,8220,93,83700.0,8.37,39701.69906616211,0.8707962036132812,0.4743333221763693,1451.010752688172,829.7204301075269,0,660789.5894331936,124713.4459501928
911,6079,82,73800.0,7.38,39576.66778564453,1.264251708984375,0.5362692111875953,1125.5243902439024,2192.9268292682927,0,701685.7814080166,134478.0368235209
912,2764,126,113400.0,11.34,39562.06283569336,0.9958648681640625,0.34887180631122894,534.8809523809524,2217.1984126984125,0,702413.9289109202,152197.33995940938
913,4915,99,89100.0,8.91,39428.22189331055,1.2015914916992188,0.4425165195657749,899.7070707070707,1773.3434343434344,0,689098.2795602707,141252.55640962583
914,4736,47,42300.0,4.23,39405.342864990234,1.4625244140625,0.9315683892432679,863.0212765957447,70.27659574468085,0,638006.2744023082,142353.13023296563
915,9937,119,107100.0,10.71,39376.64108276367,0.7122268676757812,0.367662381725151,1693.2016806722688,331.6386554621849,0,645847.1361938333,117447.7181106699
916,7119,96,86400.0,8.64,39340.94924926758,0.8760757446289062,0.4553350607554118,1275.9583333333333,1118.3854166666667,0,669449.5390299677,129965.01853083796
917,9921,68,61200.0,6.12,39308.60137939453,1.3838958740234375,0.6422974081600413,1687.014705882353,1080.1323529411766,0,668301.947118203,117633.32735436737
918,10749,21,18900.0,1.89,39278.855895996094,4.6813201904296875,2.078246343703497,1785.2857142857142,135.85714285714286,0,639973.690815682,114685.19710226654
919,1966,98,88200.0,8.82,39018.3837890625,0.86785888671875,0.4423853037308674,386.40816326530614,68.74489795918367,0,637960.3234687432,156651.5236328788
920,2221,117,105300.0,10.53,39004.06036376953,0.6084365844726562,0.37040893033019495,440.52991452991455,1417.948717948718,0,678436.4380684292,155027.87109494052
921,5870,145,130500.0,13.05,38999.34310913086,0.7191619873046875,0.29884554106613687,1085.2827586206897,934.6275862068966,0,663936.8041161746,135685.28577221726
922,3583,20,18000.0,1.8,38876.70822143555,3.5495071411132812,2.159817123413086,661.95,1054.8,0,667541.9765299677,148385.26853083796
923,10974,32,28800.0,2.88,38826.356506347656,2.216461181640625,1.348137378692627,1813.59375,2311.6875,0,705248.6015299677,113835.95603083796
924,8023,71,63900.0,6.39,38763.19885253906,1.029754638671875,0.6066228302431779,1410.6338028169014,1278.3239436619717,0,674247.6948398269,125924.75444633092
925,1344,113,101700.0,10.17,38758.2275390625,0.7046127319335938,0.381103515625,252.7433628318584,1370.2212389380531,0,677004.6136981093,160661.46764588222
926,8438,28,25200.0,2.52,38716.29409790039,2.092041015625,1.5363608769008092,1472.4642857142858,913.0357142857143,0,663289.0479585392,124069.83995940938
927,4639,98,88200.0,8.82,38706.591796875,1.2709579467773438,0.43885024713010207,846.7142857142857,155.0204081632653,0,640548.5887748657,142842.33995940938
928,10274,142,127800.0,12.78,38667.027282714844,0.8056793212890625,0.30255889892578125,1735.0422535211267,1785.161971830986,0,689452.8356848974,116192.50092520416
929,1210,85,76500.0,7.65,38558.48922729492,0.916778564453125,0.5040325389188879,231.45882352941177,1466.4941176470588,0,679892.8000593795,161300.0038249556
930,5254,151,135900.0,13.59,38552.59780883789,0.5199432373046875,0.2836835747523024,960.8344370860927,1917.5099337748345,0,693423.2745432127,139418.73541825518
931,6984,54,48600.0,4.86,38535.74752807617,1.8813934326171875,0.7929166158040365,1257.0,314.51851851851853,0,645333.5320855232,130533.76853083796
932,2305,155,139500.0,13.95,38392.691802978516,0.5397109985351562,0.2752164286951865,459.9612903225806,428.2451612903226,0,648745.3313686774,154444.92982116053
933,5636,128,115200.0,11.52,38353.88259887695,0.7166671752929688,0.3329330086708069,1037.484375,1525.28125,0,681656.4140299677,137119.23728083796
934,6181,116,104400.0,10.44,38280.10940551758,0.690582275390625,0.36666771461223735,1139.5775862068965,1759.7844827586207,0,688691.5110127263,134056.44094463106
935,462,70,63000.0,6.3,37910.096740722656,0.9684524536132812,0.601747567313058,96.97142857142858,2011.3857142857144,0,696239.5479585392,165334.6256736951
936,4940,92,82800.0,8.28,37803.81774902344,0.9676513671875,0.456567847210428,904.1521739130435,1511.9021739130435,0,681255.0417473591,141119.20331344666
937,8512,38,34200.0,3.42,37684.34143066406,1.906982421875,1.1018813283819902,1485.4736842105262,906.2368421052631,0,663085.0817931256,123679.55800452217
938,2015,76,68400.0,6.84,37551.654052734375,1.0852127075195312,0.5490007902446546,392.4868421052632,2184.092105263158,0,701420.7396878625,156469.16326768007
939,3992,48,43200.0,4.32,37487.33596801758,2.57452392578125,0.8677624066670736,733.625,1478.0208333333333,0,680238.6015299677,146235.01853083796
940,2685,155,139500.0,13.95,37452.82516479492,0.5830917358398438,0.2684790334393901,526.0387096774193,562.174193548387,0,652763.2023364194,152462.60724051538
941,10718,30,27000.0,2.7,37446.336364746094,3.5136260986328125,1.3869013468424478,1784.3666666666666,165.7,0,640868.9765299677,114712.76853083796
942,8988,93,83700.0,8.37,37421.47979736328,0.8611068725585938,0.44709055910828294,1567.0752688172042,262.3440860215054,0,643768.299110613,121231.51046632184
943,679,76,68400.0,6.84,37418.52722167969,1.017425537109375,0.5470544915450247,137.73684210526315,611.75,0,654250.4765299677,164111.66326768007
944,10760,156,140400.0,14.04,37335.76583862305,0.6151351928710938,0.26592425810985076,1799.5833333333333,319.2435897435897,0,645475.2842222755,114256.26853083796
945,238,99,89100.0,8.91,37068.02215576172,0.874603271484375,0.4160271846886837,49.06060606060606,1959.090909090909,0,694670.703802695,166771.95034901978
946,3733,73,65700.0,6.57,36844.189453125,1.2030181884765625,0.5607943600171232,689.2054794520548,1590.5479452054794,0,683614.4148861321,147567.60414727632
947,10318,81,72900.0,7.29,36740.904235839844,1.1058502197265625,0.5039904559100116,1741.111111111111,1550.358024691358,0,682408.7172707085,116010.43519750462
948,248,80,72000.0,7.2,36671.60110473633,1.170074462890625,0.5093277931213379,52.325,2046.4625,0,697291.8515299677,166674.01853083796
949,9185,64,57600.0,5.76,36628.86428833008,1.3455276489257812,0.6359177827835083,1591.015625,883.28125,0,662396.4140299677,120513.29978083796
950,1250,49,44100.0,4.41,36589.292907714844,1.79498291015625,0.8296891815808355,233.0,1489.1836734693877,0,680573.4867340494,161253.76853083796
951,9340,103,92700.0,9.27,36586.05880737305,0.82666015625,0.39467161604501666,1610.495145631068,1657.7864077669904,0,685631.5687629775,119928.91416190591
952,3947,176,158400.0,15.84,36528.17459106445,0.7255630493164062,0.2306071628223766,732.0340909090909,1795.3977272727273,0,689759.9083481495,146282.74580356522
953,8647,60,54000.0,5.4,36410.37368774414,1.6723403930664062,0.6742661794026693,1518.4833333333333,827.1833333333333,0,660713.4765299677,122689.26853083796
954,4173,69,62100.0,6.21,36305.7975769043,1.0282440185546875,0.5846344215282495,765.4782608695652,1141.144927536232,0,670132.3243560547,145279.420704751
955,3058,84,75600.0,7.56,36267.51022338867,0.8770370483398438,0.4797289712088449,582.1190476190476,2179.9761904761904,0,701297.2622442534,150780.19710226654
956,4391,158,142200.0,14.22,36195.95489501953,0.6434707641601562,0.25454258013375197,809.2405063291139,1431.8354430379748,0,678853.0398211069,143966.55334096454
957,535,94,84600.0,8.46,36168.873596191406,0.8706283569335938,0.4275280566925698,113.08510638297872,2077.340425531915,0,698218.1892959252,164851.2153393486
958,3410,23,20700.0,2.07,36108.40072631836,4.138221740722656,1.7443671848462976,632.8260869565217,1443.9130434782608,0,679215.3678343155,149258.9859221423
959,1546,155,139500.0,13.95,36057.23876953125,0.5391616821289062,0.2584748298891129,301.3354838709677,1009.2516129032258,0,666175.5249170645,159203.70401470893
960,10946,139,125100.0,12.51,36049.35607910156,0.5913848876953125,0.28816431717906926,1814.3525179856115,2125.546762589928,0,699664.3794076656,113813.1929912696
961,2584,115,103500.0,10.35,36010.62927246094,0.7512283325195312,0.3479287852411685,504.9826086956522,2193.060869565217,0,701689.8026169243,153094.2902699684
962,209,49,44100.0,4.41,35938.76495361328,2.2899246215820312,0.8149379808075574,43.183673469387756,2137.265306122449,0,700015.9357136412,166948.25832675633
963,9058,112,100800.0,10.08,35876.03988647461,0.763336181640625,0.3559130941118513,1577.017857142857,752.125,0,658461.7265299677,120933.23281655225
964,2994,46,41400.0,4.14,35624.871826171875,2.1096725463867188,0.860504150390625,575.4782608695652,680.4347826086956,0,656311.0200082286,150979.420704751
965,10323,40,36000.0,3.6,35604.2724609375,2.9777984619140625,0.989007568359375,1742.9,881.1,0,662330.9765299677,115956.76853083796
966,435,96,86400.0,8.64,35513.38119506836,0.7689743041992188,0.4110345045725505,92.125,2072.71875,0,698079.5390299677,165480.01853083796
967,2477,91,81900.0,8.19,35496.11892700195,0.7015533447265625,0.43340804550673934,487.9340659340659,2034.6593406593406,0,696937.7567497479,153605.74655281598
968,3989,76,68400.0,6.84,35466.888427734375,1.1697540283203125,0.5185217606393915,734.3684210526316,1820.092105263158,0,690500.7396878625,146212.71589925903
969,7164,75,67500.0,6.75,35412.51983642578,1.1415939331054688,0.5246299235026042,1283.16,914.1066666666667,0,663321.1765299677,129748.96853083796
970,9023,102,91800.0,9.18,35309.76333618164,0.8993453979492188,0.38463794483857994,1574.9901960784314,997.8529411764706,0,665833.5647652618,120994.062648485
971,7368,31,27900.0,2.79,35054.8942565918,2.029541015625,1.2564478228169103,1311.032258064516,842.0,0,661157.9765299677,128912.80078890247
972,9506,132,118800.0,11.88,34897.865295410156,0.6524200439453125,0.2937530748771899,1631.7424242424242,2050.348484848485,0,697408.4310754223,119291.49580356522
973,580,80,72000.0,7.2,34890.27099609375,1.156158447265625,0.48458709716796877,116.5875,2277.0875,0,704210.6015299677,164746.14353083796
974,3376,32,28800.0,2.88,34784.376525878906,2.676025390625,1.2077908515930176,628.15625,1490.125,0,680601.7265299677,149399.08103083796
975,8470,62,55800.0,5.58,34706.07147216797,1.031829833984375,0.6219726070280998,1478.8548387096773,1373.5,0,677102.9765299677,123878.12336954764
976,2978,130,117000.0,11.7,34645.04928588867,0.5907974243164062,0.29611153235802284,569.123076923077,2186.9,0,701504.9765299677,151170.07622314565
977,1229,81,72900.0,7.29,34628.810119628906,1.0807113647460938,0.4750179714626736,230.64197530864197,2245.58024691358,0,703265.3839373752,161324.5092715787
978,2248,117,105300.0,10.53,34559.11560058594,0.576171875,0.3281967293502938,443.78632478632477,1434.2991452991453,0,678926.9508889421,154930.1787872482
979,9779,42,37800.0,3.78,34543.20602416992,1.8017044067382812,0.9138414292108445,1671.142857142857,862.5238095238095,0,661773.690815682,118109.48281655225
980,8064,200,180000.0,18.0,34494.68078613281,0.5920944213867188,0.1916371154785156,1426.86,229.64,0,642787.1765299677,125437.96853083797
981,2414,135,121500.0,12.15,34460.581970214844,0.5345458984375,0.2836261890552662,476.4074074074074,1282.2444444444445,0,674365.3098633011,153951.54630861574
982,5638,89,80100.0,8.01,34458.73489379883,0.7156295776367188,0.4301964406217082,1036.4831460674156,2017.1348314606741,0,696412.021473788,137149.2741488155
983,6491,97,87300.0,8.73,34366.63513183594,0.7838592529296875,0.39366134171633377,1184.2577319587629,1859.8969072164948,0,691694.8837464626,132716.03657207507
984,10119,61,54900.0,5.49,34353.575134277344,1.254119873046875,0.6257481809522285,1711.8852459016393,1120.72131147541,0,669519.61587423,116887.21115378878
985,10891,139,125100.0,12.51,34323.795318603516,0.6671981811523438,0.27437086585614323,1812.3597122302158,398.47482014388487,0,647852.2211342843,113872.97716393149
986,853,17,15300.0,1.53,34271.81625366211,4.074851989746094,2.239987990435432,162.41176470588235,210.76470588235293,0,642220.9177064383,163371.41558966148
987,1769,59,53100.0,5.31,34237.586975097656,1.1217498779296875,0.6447756492485435,340.40677966101697,18.93220338983051,0,636465.9426316627,158031.56514100745
988,4558,126,113400.0,11.34,34214.94140625,0.579803466796875,0.3017190600198413,835.0793650793651,2133.246031746032,0,699895.3574823487,143191.387578457
989,975,88,79200.0,7.92,34064.373779296875,0.7824554443359375,0.4301057295365767,185.04545454545453,2242.909090909091,0,703185.2492572404,162692.4048944743
990,8677,133,119700.0,11.97,33856.217193603516,0.5365219116210938,0.282842248902285,1520.8496240601503,598.7894736842105,0,653861.660740494,122618.27980903344
991,10087,87,78300.0,7.83,33727.21710205078,1.003265380859375,0.430743513436153,1709.367816091954,1319.5057471264367,0,675483.1489437609,116962.73404807935
992,9823,143,128700.0,12.87,33723.26889038086,0.828704833984375,0.26203006130832057,1673.7202797202797,2020.8041958041958,0,696522.1024040936,118032.16013922957
993,6068,85,76500.0,7.65,33707.9704284668,1.0135726928710938,0.4406270644244026,1124.1529411764707,1790.7176470588236,0,689619.5059417324,134519.18029554383
994,10287,29,26100.0,2.61,33615.403747558594,2.1517715454101562,1.2879465037378772,1732.344827586207,2250.3793103448274,0,703409.3558403125,116273.42370325176
995,3515,198,178200.0,17.82,33574.012756347656,0.6132965087890625,0.18840635665739425,652.8686868686868,400.6868686868687,0,647918.5825905738,148657.70792477735
996,2421,81,72900.0,7.29,33568.90411376953,1.0854110717773438,0.46047879442756556,476.8395061728395,1807.5061728395062,0,690123.1617151529,153938.58334565276
997,4071,89,80100.0,8.01,33554.81414794922,0.84320068359375,0.41891153742758075,752.9550561797753,1821.7303370786517,0,690549.8866423273,145655.1168454447
998,6114,96,86400.0,8.64,33510.374450683594,0.626678466796875,0.3878515561421712,1132.46875,1124.5104166666667,0,669633.2890299677,134269.70603083796
999,10002,14,12600.0,1.26,33376.46484375,6.194450378417969,2.64892578125,1694.5714285714287,2268.285714285714,0,703946.5479585391,117406.62567369509
1000,6850,66,59400.0,5.94,33275.9880065918,0.94818115234375,0.5602018182927911,1235.1666666666667,1411.530303030303,0,678243.8856208768,131188.76853083796
1001,9042,83,74700.0,7.47,33225.55389404297,0.7813720703125,0.4447865313794239,1573.4819277108434,1791.2650602409637,0,689635.9283371967,121039.31069951266
1002,1974,28,25200.0,2.52,33048.289489746094,2.858123779296875,1.3114400591169084,382.60714285714283,99.42857142857143,0,638880.8336728249,156765.55424512367
1003,1008,93,83700.0,8.37,33014.39666748047,0.8936996459960938,0.39443723617061494,191.16129032258064,2223.6559139784945,0,702607.6539493225,162508.92982116053
1004,4774,66,59400.0,5.94,32920.436096191406,1.1568450927734375,0.5542160958954783,873.2727272727273,1496.0454545454545,0,680779.3401663314,142045.58671265614
1005,7110,13,11700.0,1.17,32914.84680175781,6.206268310546875,2.8132347693810096,1268.3846153846155,2000.1538461538462,0,695902.5919145831,130192.23006929949
1006,7520,95,85500.0,8.55,32752.37274169922,1.0558624267578125,0.38306868703741775,1337.7263157894736,1380.157894736842,0,677302.713372073,128111.97905715375
1007,5475,54,48600.0,4.86,32660.19744873047,3.8991165161132812,0.6720205236364294,1004.425925925926,1619.462962962963,0,684481.8654188566,138110.99075306018
1008,3625,31,27900.0,2.79,32616.423797607422,2.27825927734375,1.1690474479429183,670.483870967742,1534.9032258064517,0,681945.0733041613,148129.25240180572
1009,10702,17,15300.0,1.53,32573.73504638672,5.16583251953125,2.129002290613511,1780.0,1474.0,0,680117.9765299677,114843.76853083796
1010,5661,125,112500.0,11.25,32479.664611816406,0.5683212280273438,0.2887081298828125,1042.976,1577.464,0,683221.8965299678,136954.48853083796
1011,10132,103,92700.0,9.27,32441.226196289062,0.929046630859375,0.3499592901433556,1718.5631067961165,1246.0485436893205,0,673279.4328406474,116686.87532695447
1012,8529,58,52200.0,5.22,32346.49658203125,1.1741867065429688,0.6196646854795259,1492.2241379310344,1009.1551724137931,0,666172.6317023815,123477.04439290693
1013,6686,60,54000.0,5.4,32303.128051757812,1.4724044799804688,0.5982060750325521,1209.05,1734.45,0,687931.4765299677,131972.26853083796
1014,8908,67,60300.0,6.03,32268.191528320312,0.9696884155273438,0.5351275543668377,1557.089552238806,1037.313432835821,0,667017.3795150424,121531.08196367379
1015,9478,121,108900.0,10.89,32247.894287109375,0.5616607666015625,0.29612391448217973,1631.3305785123966,1746.1239669421489,0,688281.6955382322,119303.85117546606
1016,5787,60,54000.0,5.4,32208.274841308594,1.1449127197265625,0.5964495340983073,1064.45,1997.5166666666667,0,695823.4765299677,136310.26853083796
1017,4291,31,27900.0,2.79,32190.1611328125,4.006874084472656,1.1537692162298387,786.0967741935484,253.74193548387098,0,643510.2345944839,144660.8653050315
1018,5662,83,74700.0,7.47,32181.66732788086,1.1569366455078125,0.43081214629023906,1040.289156626506,1787.301204819277,0,689517.0126745461,137035.09383204277
1019,10555,14,12600.0,1.26,32172.610473632812,5.257110595703125,2.553381783621652,1763.2142857142858,1405.142857142857,0,678052.2622442534,115347.33995940938
1020,1583,99,89100.0,8.91,32151.96304321289,0.7549362182617188,0.36085255940755206,302.4343434343434,1311.4242424242425,0,675240.703802695,159170.73822780765
1021,1603,33,29700.0,2.97,32141.320037841797,2.5109939575195312,1.0821993278734612,305.3030303030303,2031.878787878788,0,696854.3401663314,159084.67762174705
1022,10534,130,117000.0,11.7,32077.77099609375,0.878448486328125,0.27416898287259617,1774.1,2341.6846153846154,1,706148.5149915062,115020.76853083796
1023,3199,76,68400.0,6.84,32013.555908203125,0.7957305908203125,0.46803444310238485,604.8421052631579,2329.092105263158,1,705770.7396878625,150098.5053729432
1024,8247,17,15300.0,1.53,31830.626678466797,3.5695953369140625,2.08043311623966,1439.235294117647,2280.9411764705883,0,704326.2118240853,125066.70970730855
1025,12,154,138600.0,13.86,31687.38555908203,0.6135635375976562,0.22862471543349228,12.454545454545455,1863.1233766233765,1,691791.6778286691,167870.1321672016
1026,4185,24,21600.0,2.16,31638.015747070312,2.6632461547851562,1.4647229512532551,764.4166666666666,2127.4166666666665,0,699720.4765299677,145311.26853083796
1027,8918,71,63900.0,6.39,31524.49951171875,0.866912841796875,0.4933411504181338,1558.6760563380283,1277.112676056338,0,674211.3568116579,121483.4868406971
1028,7791,17,15300.0,1.53,31446.34552001953,3.5643768310546875,2.0553167006548714,1373.8823529411766,115.76470588235294,0,639370.9177064383,127027.29794260266
1029,8054,134,120600.0,12.06,31429.522705078125,0.504241943359375,0.26060964100396455,1420.7089552238806,1447.7462686567164,0,679330.3645896693,125622.49987412154
1030,778,126,113400.0,11.34,31347.791290283203,0.5652084350585938,0.27643554929703,157.21428571428572,408.56349206349205,0,648154.8812918725,163527.33995940938
1031,10639,72,64800.0,6.48,31253.549194335938,1.2432861328125,0.482307857937283,1776.8472222222222,1396.7222222222222,0,677799.6431966344,114938.3518641713
1032,7076,89,80100.0,8.01,31237.852478027344,1.1750869750976562,0.38998567388298805,1271.1573033707866,1687.5393258426966,0,686524.1563052486,130109.04942971436
1033,8555,117,105300.0,10.53,31220.960998535156,0.6063995361328125,0.29649535611144495,1496.3162393162393,1766.059829059829,0,688879.7714017626,123354.28135135077
1034,2618,122,109800.0,10.98,31072.26791381836,0.5574264526367188,0.28298968956118725,513.155737704918,2183.590163934426,0,701405.6814480005,152849.09639969043
1035,6155,85,76500.0,7.65,31064.550018310547,0.8617935180664062,0.4060725492589614,1136.6588235294118,1042.8470588235293,0,667183.3882946736,134144.0038249556
1036,1841,125,112500.0,11.25,31025.260162353516,0.5116119384765625,0.27578009033203127,358.352,2090.408,0,698610.2165299677,157493.20853083796
1037,8270,97,87300.0,8.73,30974.736785888672,0.6609954833984375,0.35480798151075227,1450.0103092783504,1083.8659793814434,0,668413.9559114111,124743.45925248745
1038,6708,126,113400.0,11.34,30883.385467529297,0.5203170776367188,0.2723402598547557,1217.0,2330.6666666666665,0,705817.9765299677,131733.76853083796
1039,1147,49,44100.0,4.41,30817.474365234375,2.529022216796875,0.6988089425223214,215.3469387755102,261.85714285714283,0,643753.690815682,161783.36036757266
1040,1667,33,29700.0,2.97,30728.086853027344,1.8524093627929688,1.0346157189571497,316.27272727272725,2303.969696969697,0,705017.0674390587,158755.58671265614
1041,6751,119,107100.0,10.71,30703.099822998047,0.7579803466796875,0.286676935788964,1217.764705882353,96.95798319327731,0,638806.7160257661,131710.82735436736
1042,653,98,88200.0,8.82,30566.354370117188,0.7213058471679688,0.3465573057836416,132.69387755102042,2269.7755102040815,0,703991.2418360902,164262.95220430734
1043,2263,107,96300.0,9.63,30489.237213134766,0.607269287109375,0.316606824643144,449.3551401869159,539.373831775701,0,652079.1914832387,154763.11432523048
1044,9608,124,111600.0,11.16,30475.840759277344,0.8125152587890625,0.2730810103877898,1652.2903225806451,1041.1209677419354,0,667131.6055622258,118675.0588534186
1045,456,12,10800.0,1.08,30311.883544921875,4.815498352050781,2.8066558837890625,92.5,2035.3333333333333,0,696957.9765299677,165468.76853083796
1046,4888,13,11700.0,1.17,30238.357543945312,5.928840637207031,2.5844750037560096,890.9230769230769,2203.3846153846152,0,701999.5149915062,141516.07622314565
1047,668,128,115200.0,11.52,30157.333374023438,0.7425537109375,0.2617824077606201,146.015625,1527.9609375,0,681736.8046549677,163863.29978083796
1048,5483,83,74700.0,7.47,30141.011810302734,0.8120803833007812,0.40349413400673007,1006.3855421686746,1573.9277108433735,0,683115.8078552689,138052.2022657777
1049,355,116,104400.0,10.44,30140.771484375,0.5511093139648438,0.2887047077047414,78.59482758620689,1049.9137931034484,0,667395.3903230712,165885.92370325176
1050,3530,33,29700.0,2.97,30083.361053466797,1.6575927734375,1.0129077795780066,652.1515151515151,1053.8181818181818,0,667512.5219845132,148679.22307629252
1051,6727,100,90000.0,9.0,29925.10986328125,0.655548095703125,0.332501220703125,1217.13,181.86,0,641353.7765299678,131729.86853083796
1052,1236,130,117000.0,11.7,29842.767333984375,0.501983642578125,0.2550663874699519,236.9,1014.7615384615384,0,666340.8226838139,161136.76853083796
1053,8818,64,57600.0,5.76,29822.030639648438,1.056427001953125,0.5177435874938965,1544.9375,1495.484375,0,680762.5077799677,121895.64353083796
1054,10107,101,90900.0,9.09,29797.943115234375,1.0135955810546875,0.3278101552831064,1711.4158415841584,1171.8217821782177,0,671052.6299953143,116901.2932833132
1055,4451,17,15300.0,1.53,29743.87664794922,3.6246795654296875,1.944044225356158,811.3529411764706,1528.1764705882354,0,681743.2706476148,143903.18029554383
1056,2879,13,11700.0,1.17,29682.875061035156,6.696868896484375,2.5369978684645433,549.7692307692307,2064.3846153846152,0,697829.5149915062,151750.69160776102
1057,6318,10,9000.0,0.9,29604.144287109375,9.097389221191406,3.289349365234375,1160.7,69.8,0,637991.9765299677,133422.76853083796
1058,7811,64,57600.0,5.76,29465.132904052734,1.24737548828125,0.5115474462509155,1379.671875,1035.59375,0,666965.7890299677,126853.61228083796
1059,4494,65,58500.0,5.85,29446.84066772461,1.1167068481445312,0.5033647977388822,820.7076923076924,1490.2769230769231,0,680606.2842222755,143622.53776160718
1060,10422,69,62100.0,6.21,29445.178985595703,1.498321533203125,0.4741574715876925,1754.0869565217392,792.5652173913044,0,659674.9330517069,115621.15983518578
1061,10398,102,91800.0,9.18,29420.040893554688,0.515380859375,0.32047974829580267,1750.0980392156862,1388.5196078431372,0,677553.5647652618,115740.82735436737
1062,8486,121,108900.0,10.89,29407.50274658203,0.5656280517578125,0.27004134753518855,1487.685950413223,1414.9256198347107,0,678345.7451250091,123613.19001844127
1063,6337,70,63000.0,6.3,29269.239807128906,1.722137451171875,0.4645911080496652,1167.5142857142857,1384.4285714285713,0,677430.8336728249,133218.33995940938
1064,8980,35,31500.0,3.15,29175.869750976562,2.4507217407226562,0.9262180873325893,1566.2,835.8,0,660971.9765299677,121257.76853083796
1065,10898,122,109800.0,10.98,29175.464630126953,0.546661376953125,0.26571461411773184,1809.950819672131,1958.5,0,694652.9765299677,113945.24394067403
1066,9760,44,39600.0,3.96,29153.567504882812,2.01959228515625,0.7362011996182528,1662.6818181818182,1452.2045454545455,0,679464.1128936041,118363.31398538341
1067,8411,105,94500.0,9.45,29146.00067138672,0.660614013671875,0.30842328752790177,1470.7238095238095,1448.4952380952382,0,679352.8336728249,124122.05424512367
1068,4732,58,52200.0,5.22,29094.268798828125,1.3105316162109375,0.5573614712419181,862.8103448275862,2211.810344827586,0,702252.2868747953,142359.45818601036
1069,8132,86,77400.0,7.74,29058.851623535156,0.8433685302734375,0.3754373594771984,1428.0581395348838,1389.953488372093,0,677596.5811811305,125402.02434479145
1070,10774,36,32400.0,3.24,29056.297302246094,1.889251708984375,0.89679929945204,1793.638888888889,902.25,0,662965.4765299677,114434.6018641713
1071,6975,71,63900.0,6.39,28960.826110839844,0.9000930786132812,0.4532210658973371,1254.8450704225352,1909.056338028169,0,693169.6666708128,130598.41641816191
1072,8382,10,9000.0,0.9,28910.66665649414,5.2026519775390625,3.2122962951660154,1461.0,1572.0,0,683057.9765299677,124413.76853083796
1073,3627,108,97200.0,9.72,28823.757934570312,0.6987991333007812,0.2965407194914641,672.3796296296297,2285.1296296296296,0,704451.8654188566,148072.37964194908
1074,10845,116,104400.0,10.44,28795.13168334961,0.5130844116210938,0.2758154375799771,1803.5775862068965,533.5086206896551,0,651903.2351506574,114136.44094463106
1075,8959,70,63000.0,6.3,28741.360473632812,1.042205810546875,0.45621207101004463,1563.9571428571428,1116.2285714285715,0,669384.8336728249,121325.05424512367
1076,845,47,42300.0,4.23,28683.39385986328,1.4865646362304688,0.6780944174908577,164.5744680851064,1165.4255319148936,0,670860.7424874145,163306.53448828476
1077,1756,83,74700.0,7.47,28651.348114013672,1.0345687866210938,0.3835521835878671,339.56626506024094,1166.8313253012047,0,670902.9162890039,158056.78057903072
1078,7881,119,107100.0,10.71,28521.063995361328,0.56884765625,0.26630311853745403,1389.8655462184875,984.0420168067227,0,665419.2370341694,126547.80214428334
1079,1033,110,99000.0,9.9,28509.803009033203,0.5420455932617188,0.28797780817205254,193.3,1989.1090909090908,0,695571.2492572404,162444.76853083796
1080,3074,97,87300.0,8.73,28503.5888671875,0.6938629150390625,0.32650159068943296,588.1855670103092,1243.0103092783504,0,673188.2858083183,150598.20152052867
1081,6374,71,63900.0,6.39,28474.29656982422,0.8824996948242188,0.44560714506767163,1168.887323943662,2024.5492957746478,0,696634.4554032072,133177.1488125281
1082,4599,108,97200.0,9.72,28375.769805908203,0.6115951538085938,0.2919317881266276,845.1574074074074,1205.9444444444443,0,672076.3098633011,142889.04630861574
1083,10997,110,99000.0,9.9,28370.008850097656,0.5388565063476562,0.2865657459605824,1820.790909090909,2243.2545454545457,1,703195.6128936041,113620.0412581107
1084,2086,101,90900.0,9.09,28357.010650634766,0.9036865234375,0.31195831298828125,430.1188118811881,506.0,0,651077.9765299677,155340.20417440232
1085,3037,46,41400.0,4.14,28293.49594116211,1.064697265625,0.6834177763565726,576.9565217391304,1624.8695652173913,0,684644.0634864895,150935.07287866404
1086,7987,104,93600.0,9.36,28154.470825195312,0.8013458251953125,0.3007956284743089,1404.0096153846155,1558.0192307692307,0,682638.5534530446,126123.48006929949
1087,8432,81,72900.0,7.29,28136.473846435547,0.9724044799804688,0.38595986071928046,1482.3703703703704,176.50617283950618,0,641193.1617151529,123772.65741972685
1088,4046,34,30600.0,3.06,28064.053344726562,2.4502410888671875,0.9171259262982536,744.0,1468.9705882352941,0,679967.0941770265,145923.76853083796
1089,10514,17,15300.0,1.53,28041.345977783203,3.3028564453125,1.8327677109662224,1758.8235294117646,193.64705882352942,0,641707.3882946736,115479.06264848502
1090,10508,110,99000.0,9.9,28015.274047851562,0.6613616943359375,0.2829825661399148,1765.6363636363637,996.5909090909091,0,665795.703802695,115274.67762174705
1091,7651,84,75600.0,7.56,27990.225219726562,0.6729736328125,0.3702410743350074,1355.5833333333333,2113.0476190476193,0,699289.4051013964,127576.26853083796
1092,4929,46,41400.0,4.14,27898.558044433594,1.1939315795898438,0.6738782136336617,899.2608695652174,885.5434782608696,0,662464.2808777938,141265.94244388145
1093,9417,104,93600.0,9.36,27826.508331298828,0.5961761474609375,0.29729175567626953,1618.875,2036.9711538461538,0,697007.1111453524,119677.51853083796
1094,6262,128,115200.0,11.52,27686.638641357422,0.5557479858398438,0.2403354048728943,1159.453125,938.5390625,0,664054.1484049677,133460.17478083796
1095,129,47,42300.0,4.23,27650.418090820312,1.1470718383789062,0.6536741865442154,25.340425531914892,425.97872340425533,0,648677.3382320954,167483.55576488053
1096,4392,61,54900.0,5.49,27598.377227783203,1.390380859375,0.5027026817446849,801.9344262295082,1561.1967213114754,0,682733.878169312,144185.7357439527
1097,9196,18,16200.0,1.62,27534.539794921875,3.0185089111328125,1.6996629503038194,1589.111111111111,1786.111111111111,0,689481.3098633011,120570.43519750462
1098,6666,91,81900.0,8.19,27519.632720947266,0.6077651977539062,0.33601505153781763,1208.901098901099,1797.3736263736264,0,689819.1853211765,131976.73556380498
1099,5274,110,99000.0,9.9,27494.707489013672,0.535888671875,0.2777243180708452,963.9090909090909,501.1727272727273,0,650933.1583481495,139326.49580356522
1100,477,86,77400.0,7.74,27479.62875366211,0.7178955078125,0.35503396322560865,101.37209302325581,1436.593023255814,0,678995.7672276421,165202.60574014028
1101,7431,104,93600.0,9.36,27447.555541992188,0.5645675659179688,0.2932431147648738,1321.9326923076924,1741.8076923076924,0,688152.2072991985,128585.78776160718
1102,1138,87,78300.0,7.83,27442.227172851562,0.6133956909179688,0.3504754428205819,216.32183908045977,2323.4367816091954,0,705601.0799782436,161754.11335842416
1103,7054,12,10800.0,1.08,27396.71630859375,5.068748474121094,2.5367329915364585,1262.0833333333333,1501.6666666666667,0,680947.9765299677,130381.26853083796
1104,4779,78,70200.0,7.02,27339.161682128906,0.765838623046875,0.38944674760867387,873.1282051282051,1732.128205128205,0,687861.8226838139,142049.9223769918
1105,5799,119,107100.0,10.71,27181.85806274414,0.5873336791992188,0.2537988614635307,1074.218487394958,1798.142857142857,0,689842.2622442534,136017.21390898922
1106,387,102,91800.0,9.18,26998.812103271484,0.5762710571289062,0.29410470700731467,81.07843137254902,688.2941176470588,0,656546.8000593795,165811.41558966148
1107,1152,92,82800.0,8.28,26891.956329345703,0.6291351318359375,0.3247820812722911,215.67391304347825,1140.608695652174,0,670116.2373995329,161773.5511395336
1108,8047,44,39600.0,3.96,26877.626037597656,1.5119094848632812,0.6787279302423651,1414.590909090909,1656.5,0,685592.9765299677,125806.0412581107
1109,6378,133,119700.0,11.97,26816.988372802734,0.5100784301757812,0.22403499058314733,1175.142857142857,396.3157894736842,0,647787.4502141783,132989.48281655225
1110,2034,85,76500.0,7.65,26816.651916503906,0.6170883178710938,0.3505444694967831,397.63529411764705,2048.858823529412,0,697363.7412358501,156314.70970730856
1111,2065,26,23400.0,2.34,26812.291717529297,2.312408447265625,1.1458244323730469,402.65384615384613,1973.1923076923076,0,695093.745760737,156164.15314622258
1112,10831,54,48600.0,4.86,26770.71533203125,1.0063934326171875,0.5508377640335648,1797.9074074074074,1260.888888888889,0,673724.6431966344,114306.54630861574
1113,1938,79,71100.0,7.11,26766.91131591797,0.7282257080078125,0.37646851358534417,375.8101265822785,1139.4430379746836,0,670081.2676692082,156969.4647333696
1114,10520,70,63000.0,6.3,26759.783935546875,0.7664337158203125,0.4247584751674107,1764.9857142857143,1307.8285714285714,0,675132.8336728249,115294.19710226654
1115,239,82,73800.0,7.38,26684.555053710938,0.6852340698242188,0.3615793367711509,48.548780487804876,2265.4268292682927,0,703860.7814080166,166787.30511620382
1116,3685,98,88200.0,8.82,26625.77133178711,0.6460342407226562,0.30187949355767696,681.8775510204082,1960.357142857143,0,694708.690815682,147787.4420002257
1117,2236,24,21600.0,2.16,26401.361846923828,2.76171875,1.222285270690918,438.9583333333333,130.0,0,639797.9765299677,155075.01853083796
1118,10607,39,35100.0,3.51,26370.606994628906,1.3889923095703125,0.7512993445763221,1770.6153846153845,1202.3846153846155,0,671969.5149915062,115125.30699237643
1119,2554,45,40500.0,4.05,26365.13442993164,1.1673660278320312,0.6509909735785591,497.7111111111111,1535.5111111111112,0,681963.3098633011,153312.43519750462
1120,10115,49,44100.0,4.41,26306.68716430664,1.0098953247070312,0.5965235184650032,1711.734693877551,2238.938775510204,0,703066.1397952739,116891.72771451142
1121,7649,80,72000.0,7.2,26251.268005371094,0.841461181640625,0.36460094451904296,1354.7375,1402.0625,0,677959.8515299677,127601.64353083796
1122,4773,81,72900.0,7.29,26234.671783447266,1.33282470703125,0.35987204092520253,874.5802469135803,1353.1851851851852,0,676493.5320855232,142006.36112343054
1123,3044,43,38700.0,3.87,26183.365631103516,1.7344818115234375,0.6765727553256723,579.5116279069767,1546.7674418604652,0,682300.9997857817,150858.41969362865
1124,6800,104,93600.0,9.36,26050.321197509766,0.8806686401367188,0.27831539740929234,1223.7884615384614,2048.326923076923,0,697347.7842222755,131530.11468468411
1125,1672,24,21600.0,2.16,26047.279357910156,2.0474395751953125,1.205892562866211,317.4583333333333,1037.75,0,667030.4765299677,158720.01853083796
1126,9,117,105300.0,10.53,26043.186950683594,0.5653533935546875,0.24732371273203793,11.307692307692308,2004.5299145299145,1,696033.8739658652,167904.53776160718
1127,3890,63,56700.0,5.67,25969.00863647461,2.16876220703125,0.45800720699249753,713.3015873015873,1483.047619047619,0,680389.4051013963,146844.72091179033
1128,1801,86,77400.0,7.74,25918.416595458984,0.736724853515625,0.334863263507222,347.98837209302326,2113.639534883721,0,699307.1625764794,157804.11736804727
1129,5083,84,75600.0,7.56,25845.529174804688,0.6587371826171875,0.34187207903180805,934.5952380952381,1284.7619047619048,0,674440.8336728249,140205.91138798083
1130,331,55,49500.0,4.95,25841.217041015625,1.01007080078125,0.5220447887073864,69.38181818181818,1876.1636363636364,0,692182.8856208768,166162.3139853834
1131,9946,101,90900.0,9.09,25775.923919677734,0.5930099487304688,0.2835635194684019,1690.6633663366338,796.5346534653465,0,659794.0161339281,117523.86754073895
1132,5204,98,88200.0,8.82,25770.025634765625,0.5396575927734375,0.29217716139190053,954.5102040816327,65.04081632653062,0,637849.2010197637,139608.46240838896
1133,2563,130,117000.0,11.7,25736.187744140625,0.507354736328125,0.21996741661658653,503.9076923076923,1956.2923076923078,0,694586.745760737,153126.53776160718
1134,9203,59,53100.0,5.31,25691.507720947266,1.0667266845703125,0.48383253711765095,1592.8305084745762,2066.0,0,697877.9765299677,120458.85327660068
1135,10947,31,27900.0,2.79,25647.47314453125,1.6088943481445312,0.9192642704133065,1810.3225806451612,2298.516129032258,0,704853.4604009355,113934.09111148313
1136,634,79,71100.0,7.11,25584.63134765625,0.7716293334960938,0.3598401033425633,130.37974683544303,2303.3164556962024,0,704997.4702008538,164332.37612577467
1137,102,80,72000.0,7.2,25569.50454711914,0.6082000732421875,0.355132007598877,23.9375,1849.9375,0,691396.1015299677,167525.64353083796
1138,7363,77,69300.0,6.93,25556.02569580078,0.6796340942382812,0.36877381956422484,1311.5194805194806,1674.7792207792209,0,686141.3531533444,128898.18411525353
1139,6844,98,88200.0,8.82,25475.743103027344,0.6080551147460938,0.2888406247508769,1232.1326530612246,456.265306122449,0,649585.9357136412,131279.7889390012
1140,5406,111,99900.0,9.99,25473.662567138672,0.8130722045898438,0.2549916172886754,993.6666666666666,2000.9099099099099,0,695925.273827265,138433.76853083796
1141,3141,22,19800.0,1.98,25369.608306884766,2.14154052734375,1.281293348832564,592.0,1946.0,0,694277.9765299677,150483.76853083796
1142,8838,84,75600.0,7.56,25326.150512695312,0.7017822265625,0.33500199090866817,1547.5595238095239,1338.3333333333333,0,676047.9765299677,121816.98281655225
1143,4857,61,54900.0,5.49,25246.829223632812,0.9591598510742188,0.459869384765625,886.9180327868852,2157.0491803278687,0,700609.4519398038,141636.2275472314
1144,407,62,55800.0,5.58,25209.85336303711,1.2255096435546875,0.45178948679277975,86.45161290322581,1461.5645161290322,0,679744.9120138388,165650.22014374117
1145,6938,100,90000.0,9.0,25198.956298828125,0.513153076171875,0.2799884033203125,1248.71,1679.44,0,686281.1765299677,130782.46853083796
1146,167,52,46800.0,4.68,25183.568572998047,1.1311874389648438,0.5381104395939753,43.75,687.6923076923077,0,656528.745760737,166931.26853083796
1147,4671,10,9000.0,0.9,25085.913848876953,5.295799255371094,2.787323760986328,848.3,2163.3,0,700796.9765299677,142794.76853083796
1148,97,87,78300.0,7.83,24859.13543701172,0.5712814331054688,0.31748576547907686,24.24137931034483,2208.4942528735633,0,702152.8041161746,167516.5271515276
1149,58,36,32400.0,3.24,24788.211822509766,1.6848983764648438,0.7650682661268446,12.805555555555555,1407.5833333333333,0,678125.4765299677,167859.6018641713
1150,2610,70,63000.0,6.3,24634.183502197266,0.7411575317382812,0.39101878574916293,508.45714285714286,1189.2428571428572,0,671575.2622442534,152990.05424512367
1151,2411,30,27000.0,2.7,24627.474975585938,1.224517822265625,0.9121287027994792,475.9,67.63333333333334,0,637926.9765299677,153966.76853083796
1152,6027,79,71100.0,7.11,24588.308715820312,0.6732177734375,0.3458271268047864,1117.26582278481,1199.4556962025317,0,671881.6474160437,134725.79384729365
1153,7710,79,71100.0,7.11,24558.075714111328,0.767120361328125,0.3454019087779371,1360.7974683544303,1754.873417721519,0,688544.1790616133,127419.84448020505
1154,5037,29,26100.0,2.61,24547.77603149414,2.5484542846679688,0.9405278172986261,919.0689655172414,11.310344827586206,0,636237.2868747953,140671.6995653207
1155,1243,73,65700.0,6.57,24523.887634277344,0.9924545288085938,0.3732707402477526,234.02739726027397,1743.890410958904,0,688214.6888587349,161222.94661302975
1156,8612,62,55800.0,5.58,24487.06283569336,0.85491943359375,0.4388362515357233,1505.6935483870968,2132.2741935483873,0,699866.2023364194,123072.96207922505
1157,6692,133,119700.0,11.97,24442.485809326172,0.5942840576171875,0.20419787643547344,1215.563909774436,236.1954887218045,0,642983.8411916218,131776.85123760486
1158,714,93,83700.0,8.37,24433.380889892578,0.65765380859375,0.2919161396641885,145.7741935483871,201.69892473118279,0,641948.9442719033,163870.54272438635
1159,5224,68,61200.0,6.12,24399.893188476562,0.7049713134765625,0.3986910651711857,954.2794117647059,939.8676470588235,0,664094.0059417324,139615.38617789678
1160,10904,33,29700.0,2.97,24369.776916503906,1.613128662109375,0.8205312093098959,1806.2121212121212,1212.5757575757575,0,672275.2492572404,114057.40489447431
1161,6976,119,107100.0,10.71,24318.38150024414,0.6341705322265625,0.22706238562319458,1257.310924369748,522.5378151260504,0,651574.1109837493,130524.44079974553
1162,10993,105,94500.0,9.45,24317.166137695312,0.6230010986328125,0.2573245093936012,1822.0380952380951,1060.3809523809523,1,667709.4051013963,113582.6256736951
1163,10959,19,17100.0,1.71,24314.13803100586,2.5978622436523438,1.4218794170178866,1810.8947368421052,2286.0526315789475,0,704479.5554773362,113916.92642557481
1164,2071,96,86400.0,8.64,24186.209106445312,0.5625762939453125,0.27993297576904297,409.3333333333333,532.5,0,651872.9765299677,155963.76853083796
1165,1060,90,81000.0,8.1,24128.98406982422,0.6912689208984375,0.2978886922200521,202.23333333333332,1551.5444444444445,0,682444.3098633011,162176.76853083796
1166,2774,20,18000.0,1.8,24119.652557373047,2.5665054321289062,1.339980697631836,535.7,19.35,0,636478.4765299677,152172.76853083796
1167,6920,71,63900.0,6.39,24112.003326416016,0.6987991333007812,0.3773396451708297,1241.7605633802816,1985.4225352112676,0,695460.6525863057,130990.9516294295
1168,7221,87,78300.0,7.83,24104.711151123047,0.717926025390625,0.30785071712800827,1290.8735632183907,1191.816091954023,0,671652.4592885884,129517.56163428623
1169,3340,55,49500.0,4.95,24049.017333984375,0.7819137573242188,0.48583873401988636,637.3818181818182,836.9454545454546,0,661006.3401663314,149122.31398538343
1170,3301,30,27000.0,2.7,24015.996551513672,2.2085037231445312,0.8894813537597657,620.3333333333334,1452.7,0,679478.9765299677,149633.76853083796
1171,7939,53,47700.0,4.77,23973.321533203125,0.96343994140625,0.5025853570902122,1392.9056603773586,1564.6415094339623,0,682837.2218129867,126456.5987195172
1172,1015,30,27000.0,2.7,23960.110473632812,2.1173019409179688,0.8874114990234375,190.4,743.5333333333333,0,658203.9765299677,162531.76853083796
1173,8608,41,36900.0,3.69,23960.089874267578,2.2281341552734375,0.6493249288419398,1503.5365853658536,896.560975609756,0,662794.8057982604,123137.67096986235
1174,10710,24,21600.0,2.16,23941.392517089844,1.6003265380859375,1.1083978017171223,1783.25,1842.4166666666667,0,691170.4765299677,114746.26853083796
1175,10585,44,39600.0,3.96,23912.244415283203,1.1711959838867188,0.603844555941495,1770.2727272727273,2278.1136363636365,0,704241.3856208768,115135.58671265614
1176,2443,62,55800.0,5.58,23894.728088378906,0.7455520629882812,0.42822093348349294,480.6774193548387,1572.6774193548388,0,683078.299110613,153823.4459501928
1177,2628,93,83700.0,8.37,23806.329345703125,0.6038894653320312,0.2844244844170027,510.0430107526882,2308.7311827956987,0,705159.9120138386,152942.47820825732
1178,6970,57,51300.0,5.13,23667.057037353516,0.90838623046875,0.4613461410790159,1251.9298245614036,1691.7368421052631,0,686650.0817931256,130685.87379399585
1179,8311,90,81000.0,8.1,23637.56561279297,0.6231460571289062,0.29182179768880206,1455.3666666666666,1034.6555555555556,0,666937.6431966344,124582.76853083796
1180,2780,97,87300.0,8.73,23603.878784179688,0.5119094848632812,0.27037661837548327,535.9381443298969,2248.701030927835,0,703359.0074578028,152165.62420094106
1181,5674,78,70200.0,7.02,23576.337432861328,0.5530853271484375,0.3358452625763722,1042.6538461538462,1219.8333333333333,0,672492.9765299677,136964.15314622258
1182,4163,48,43200.0,4.32,23534.32159423828,0.9805221557617188,0.5447759628295898,762.5,1885.9791666666667,0,692477.3515299677,145368.76853083796
1183,640,97,87300.0,8.73,23476.238250732422,0.6796951293945312,0.26891452749979866,134.05154639175257,1549.958762886598,0,682396.7394165656,164222.22213908538
1184,6659,107,96300.0,9.63,23474.205780029297,0.54241943359375,0.24376122305326373,1211.5981308411215,1092.4766355140187,0,668672.2755953883,131895.8246056043
1185,2518,82,73800.0,7.38,23389.04800415039,0.6301193237304688,0.31692476970393485,494.5487804878049,178.91463414634146,0,641265.4155543579,153407.30511620382
1186,9818,38,34200.0,3.42,23381.02798461914,1.4096221923828125,0.6836557890239515,1670.3684210526317,884.7368421052631,0,662440.0817931256,118132.71589925901
1187,3203,17,15300.0,1.53,23334.432220458984,2.8200149536132812,1.525126288918888,601.0,1436.4705882352941,0,678992.0941770265,150213.76853083796
1188,7972,55,49500.0,4.95,23325.43716430664,1.0364532470703125,0.47122095281427556,1398.4363636363637,1105.8909090909092,0,669074.703802695,126290.67762174705
1189,2835,93,83700.0,8.37,23221.746826171875,0.6277542114257812,0.2774402249243952,547.9784946236559,2031.021505376344,0,696828.621691258,151804.4136921283
1190,2309,87,78300.0,7.83,23198.503875732422,0.5243911743164062,0.2962771887066721,460.04597701149424,1602.0919540229886,0,683960.7351506574,154442.38922049312
1191,1562,38,34200.0,3.42,23071.721649169922,1.42694091796875,0.6746117441277755,297.60526315789474,9.605263157894736,0,636186.1344247046,159315.6106361011
1192,1598,46,41400.0,4.14,22947.040557861328,1.1067733764648438,0.5542763419773268,307.19565217391306,1167.9565217391305,0,670936.6721821417,159027.89896562055
1193,9267,37,33300.0,3.33,22940.496826171875,1.2614822387695312,0.68890380859375,1599.7837837837837,2228.675675675676,0,702758.246800238,120250.25501732444
1194,5645,125,112500.0,11.25,22901.8798828125,0.543487548828125,0.203572265625,1038.896,1184.936,0,671446.0565299677,137076.88853083795
1195,3643,114,102600.0,10.26,22876.920318603516,1.10845947265625,0.22297193292985884,677.2982456140351,361.1666666666667,0,646732.9765299677,147924.8211624169
1196,3367,44,39600.0,3.96,22862.91961669922,0.9309616088867188,0.577346454967152,627.4545454545455,2272.75,0,704080.4765299677,149420.1321672016
1197,5800,95,85500.0,8.55,22765.47088623047,0.6330795288085938,0.2662628173828125,1069.3684210526317,1936.7052631578947,0,693999.1344247046,136162.715899259
1198,4508,26,23400.0,2.34,22708.321380615234,1.7806167602539062,0.9704410846416767,820.9615384615385,1478.4615384615386,0,680251.8226838139,143614.9223769918
1199,10409,29,26100.0,2.61,22662.583923339844,1.6595306396484375,0.868298234610722,1749.655172413793,890.7241379310345,0,662619.7006678988,115754.11335842416
1200,6060,71,63900.0,6.39,22630.290985107422,0.6869354248046875,0.3541516586088798,1121.9577464788733,1068.5915492957747,0,667955.7230088409,134585.03613647175
1201,1030,94,84600.0,8.46,22583.180236816406,0.5728759765625,0.2669406647377826,193.39361702127658,1782.340425531915,0,689368.1892959252,162441.96002019965
1202,8623,72,64800.0,6.48,22575.21514892578,0.8835906982421875,0.34838294982910156,1507.8472222222222,1315.4166666666667,0,675360.4765299677,123008.3518641713
1203,10547,42,37800.0,3.78,22571.569061279297,1.0903244018554688,0.5971314566476005,1764.0238095238096,1908.904761904762,0,693165.1193871106,115323.05424512367
1204,4050,30,27000.0,2.7,22571.067810058594,1.404266357421875,0.8359654744466146,744.0,1456.0333333333333,0,679578.9765299677,145923.76853083796
1205,455,23,20700.0,2.07,22454.26254272461,2.0755844116210938,1.0847469827403193,93.17391304347827,1111.608695652174,0,669246.2373995329,165448.5511395336
1206,9291,24,21600.0,2.16,22426.000213623047,1.9071273803710938,1.0382407506306965,1601.75,2338.0,0,706037.9765299677,120191.26853083796
1207,8238,17,15300.0,1.53,22370.127868652344,2.3442230224609375,1.4620998606962317,1439.4705882352941,1319.1176470588234,0,675471.5059417324,125059.65088377913
1208,7215,112,100800.0,10.08,22364.435577392578,0.563720703125,0.22186940056937082,1292.4732142857142,1932.0625,0,693859.8515299677,129469.57210226654
1209,3786,19,17100.0,1.71,22345.0927734375,2.9948043823242188,1.3067305715460527,691.7368421052631,2162.8947368421054,0,700784.8186352309,147491.66326768007
1210,8596,97,87300.0,8.73,22335.946655273438,0.5076065063476562,0.25585276810164304,1504.7835051546392,437.4329896907216,0,649020.9662206894,123100.26337619878
1211,3389,94,84600.0,8.46,22266.966247558594,0.611175537109375,0.26320291072764296,634.436170212766,1217.0531914893618,0,672409.5722746486,149210.68342445497
1212,6173,81,72900.0,7.29,22229.317474365234,0.5685501098632812,0.3049289091133777,1138.2345679012346,993.0864197530864,0,665690.5691225603,134096.73149380094
1213,1952,86,77400.0,7.74,22208.251190185547,0.5488128662109375,0.28692830995071766,379.45348837209303,2267.3488372093025,0,703918.4416462468,156860.16387967518
1214,9500,26,23400.0,2.34,22179.885864257812,2.129425048828125,0.9478583702674279,1628.923076923077,1286.3076923076924,0,674487.2072991985,119376.07622314565
1215,8262,13,11700.0,1.17,22158.407592773438,3.6011810302734375,1.8938809908353365,1441.8461538461538,1563.5384615384614,0,682804.1303761216,124988.38391545333
1216,9093,66,59400.0,5.94,22156.354522705078,0.586517333984375,0.37300260139234137,1579.439393939394,2318.469696969697,0,705452.0674390587,120860.58671265614
1217,3043,140,126000.0,12.6,22123.292541503906,0.55950927734375,0.17558168683733258,580.4785714285714,1480.1142857142856,0,680301.4051013963,150829.41138798083
1218,1731,95,85500.0,8.55,22101.292419433594,0.6193084716796875,0.2584946481805099,334.77894736842103,1982.1684210526316,0,695363.0291615467,158200.40010978532
1219,1469,89,80100.0,8.01,22064.707946777344,0.5575942993164062,0.27546451868635885,279.34831460674155,1022.1011235955057,0,666561.0102378329,159863.3190926357
1220,6593,65,58500.0,5.85,22003.733825683594,0.580596923828125,0.3761322021484375,1198.7230769230769,2320.8,0,705521.9765299677,132282.07622314565
1221,1456,41,36900.0,3.69,21994.107055664062,0.99676513671875,0.5960462616711129,271.4878048780488,1930.4634146341464,0,693811.8789689922,160099.1343844965
1222,26,54,48600.0,4.86,21914.195251464844,0.7868423461914062,0.4509093673140914,11.018518518518519,2210.574074074074,0,702215.19875219,167913.2129752824
1223,7420,53,47700.0,4.77,21869.467163085938,0.883331298828125,0.45847939545253535,1317.3396226415093,957.6037735849056,0,664626.089737515,128723.57985159269
1224,7779,49,44100.0,4.41,21831.928253173828,1.0178375244140625,0.49505506243024555,1371.6326530612246,868.1632653061224,0,661942.8744891514,127094.78893900121
1225,9864,132,118800.0,11.88,21777.223205566406,0.5085220336914062,0.18330995964281488,1681.3863636363637,1995.8181818181818,0,695772.5219845132,117802.17762174705
1226,2273,92,82800.0,8.28,21758.333587646484,0.569305419921875,0.26278180661408795,450.5978260869565,1826.0434782608695,0,690679.2808777938,154725.83374822926
1227,4437,76,68400.0,6.84,21729.288482666016,0.743194580078125,0.3176796561793277,812.8684210526316,2155.684210526316,0,700568.5028457572,143857.71589925903
1228,10940,11,9900.0,0.99,21710.48126220703,3.809722900390625,2.1929779052734375,1807.1818181818182,946.5454545454545,0,664294.3401663314,114028.31398538341
1229,4032,64,57600.0,5.76,21685.14404296875,0.6933517456054688,0.3764781951904297,743.265625,1865.546875,0,691864.3827799677,145945.79978083796
1230,2969,63,56700.0,5.67,21649.534606933594,0.7618331909179688,0.3818260071769593,566.9206349206349,1315.4444444444443,0,675361.3098633011,151236.1494832189
1231,9512,31,27900.0,2.79,21509.747314453125,1.7058868408203125,0.7709586851058468,1629.8064516129032,1300.4193548387098,0,674910.5571751291,119349.57498245087
1232,7055,52,46800.0,4.68,21502.928924560547,0.958709716796875,0.45946429325984073,1265.6346153846155,1676.2307692307693,0,686184.8996068909,130274.73006929949
1233,7754,94,84600.0,8.46,21449.41864013672,0.6416549682617188,0.2535392274247839,1371.563829787234,1582.4148936170213,0,683370.4233384784,127096.85363722095
1234,8450,60,54000.0,5.4,21436.942291259766,0.9809494018554688,0.3969804128011068,1475.3833333333334,1012.2833333333333,0,666266.4765299677,123982.26853083796
1235,7013,27,24300.0,2.43,21430.350494384766,1.4097137451171875,0.8819074277524594,1257.111111111111,1512.8148148148148,0,681282.4209744122,130530.43519750462
1236,10930,64,57600.0,5.76,21376.68914794922,1.11395263671875,0.3711230754852295,1810.828125,1236.09375,0,672980.7890299677,113918.92478083796
1237,5,34,30600.0,3.06,21207.080841064453,1.3734359741210938,0.6930418575511259,3.588235294117647,2085.6176470588234,1,698466.5059417324,168136.12147201443
1238,10069,29,26100.0,2.61,21171.581268310547,1.4703521728515625,0.8111716961038524,1705.0,2291.0,0,704627.9765299677,117093.76853083796
1239,9953,94,84600.0,8.46,21164.515686035156,0.5864105224609375,0.25017158021318153,1693.6914893617022,1398.1489361702127,0,677842.4446150741,117433.0238499869
1240,10221,50,45000.0,4.5,21135.05859375,0.7229461669921875,0.46966796875,1726.02,2256.42,0,703590.5765299677,116463.16853083795
1241,10063,72,64800.0,6.48,21107.427978515625,0.5336380004882812,0.32573191324869794,1704.7222222222222,2314.6944444444443,0,705338.8098633011,117102.1018641713
1242,10757,31,27900.0,2.79,21102.46353149414,1.7622451782226562,0.7563607000535534,1786.967741935484,2220.2258064516127,0,702504.7507235161,114634.73627277344
1243,2839,76,68400.0,6.84,21078.76739501953,0.8418350219726562,0.30816911396227387,546.5263157894736,1465.1315789473683,0,679851.9238983887,151847.97905715375
1244,11014,25,22500.0,2.25,21068.62564086914,1.636627197265625,0.9363833618164062,1818.56,210.08,0,642200.3765299678,113686.96853083797
1245,879,55,49500.0,4.95,20976.766204833984,1.1021957397460938,0.42377305464311077,169.45454545454547,1726.0545454545454,0,687679.6128936041,163160.1321672016
1246,3420,21,18900.0,1.89,20928.453826904297,2.262939453125,1.1073255993071056,634.1428571428571,1483.4285714285713,0,680400.8336728249,149219.48281655225
1247,6866,69,62100.0,6.21,20910.7177734375,0.9063262939453125,0.3367265341938406,1236.1884057971015,1861.7536231884058,0,691750.58522562,131158.1163569249
1248,9837,57,51300.0,5.13,20900.56915283203,1.2160568237304688,0.407418502004523,1675.0877192982457,1951.140350877193,0,694432.1870562835,117991.13695189058
1249,8761,24,21600.0,2.16,20898.612213134766,1.54522705078125,0.9675283432006836,1531.75,2061.9583333333335,0,697756.7265299677,122291.26853083796
1250,1224,51,45900.0,4.59,20895.59097290039,1.2259750366210938,0.4552416333965227,229.35294117647058,1530.5686274509803,0,681815.0353534971,161363.18029554383
1251,3501,90,81000.0,8.1,20868.5302734375,1.1240615844726562,0.2576361762152778,652.2222222222222,2104.6,0,699035.9765299677,148677.1018641713
1252,4675,23,20700.0,2.07,20834.033203125,2.7133712768554688,1.0064750339673914,850.4347826086956,1490.2608695652175,0,680605.8026169243,142730.7250525771
1253,3921,85,76500.0,7.65,20753.32489013672,0.9671554565429688,0.27128529268152574,722.4823529411765,63.247058823529414,0,637795.3882946736,146569.29794260266
1254,1537,58,52200.0,5.22,20725.30288696289,0.7758941650390625,0.39703645377323543,291.05172413793105,2033.4137931034484,0,696900.3903230712,159512.21680670002
1255,1058,94,84600.0,8.46,20641.566467285156,0.5446548461914062,0.24399014736743682,201.37234042553192,2306.4148936170213,0,705090.4233384784,162202.598318072
1256,6943,75,67500.0,6.75,20575.4150390625,0.5455093383789062,0.30482096354166666,1248.1066666666666,1975.8266666666666,0,695172.7765299678,130800.56853083796
1257,7056,58,52200.0,5.22,20556.827545166016,0.6036758422851562,0.3938089568039467,1265.103448275862,1965.5344827586207,0,694864.0110127263,130290.6650825621
1258,521,73,65700.0,6.57,20459.756469726562,0.5804443359375,0.3114118184128853,109.53424657534246,2300.0,0,704897.9765299677,164957.74113357769
1259,2640,80,72000.0,7.2,20438.48419189453,0.5778732299804688,0.28386783599853516,516.375,2223.8625,0,702613.8515299677,152752.51853083796
1260,6827,83,74700.0,7.47,20437.996673583984,0.5262985229492188,0.2736010264201337,1230.3614457831325,2206.0963855421687,0,702080.8680962328,131332.92515734397
1261,10442,70,63000.0,6.3,20401.707458496094,0.693328857421875,0.32383662632533483,1755.3142857142857,1454.2,0,679523.9765299677,115584.33995940938
1262,7832,38,34200.0,3.42,20353.19595336914,1.2859573364257812,0.5951226886950041,1378.0526315789473,1681.578947368421,0,686345.3449510203,126902.18958346953
1263,6197,75,67500.0,6.75,20256.15234375,0.5644149780273438,0.30009114583333335,1143.3733333333332,1112.52,0,669273.5765299677,133942.56853083795
1264,9387,75,67500.0,6.75,20241.918182373047,0.5655517578125,0.2998802693684896,1618.6,2135.96,0,699976.7765299678,119685.76853083796
1265,11036,25,22500.0,2.25,20235.044860839844,1.6490020751953125,0.8993353271484374,1822.2,752.52,0,658473.5765299677,113577.76853083796
1266,10052,32,28800.0,2.88,20112.464904785156,1.543487548828125,0.6983494758605957,1701.125,1300.6875,0,674918.6015299677,117210.01853083796
1267,10573,68,61200.0,6.12,20063.82293701172,0.9111175537109375,0.32784024406881895,1769.2941176470588,1453.9411764705883,0,679516.2118240853,115164.9450014262
1268,8002,126,113400.0,11.34,20033.013153076172,0.5197219848632812,0.17665796431284103,1411.015873015873,1725.5873015873017,0,687665.5955775868,125913.29234036178
1269,7726,56,50400.0,5.04,20003.20587158203,1.0082244873046875,0.3968890053885324,1364.4107142857142,1367.982142857143,0,676937.440815682,127311.44710226654
1270,8764,106,95400.0,9.54,19963.819885253906,0.51318359375,0.20926435938421287,1534.2924528301887,460.29245283018867,0,649706.7501148734,122214.9949459323
1271,2138,30,27000.0,2.7,19956.472778320312,1.611053466796875,0.7391286214192708,419.2,106.06666666666666,0,639079.9765299677,155667.76853083796
1272,1000,52,46800.0,4.68,19953.726196289062,1.043731689453125,0.4263616708608774,188.71153846153845,2257.7115384615386,0,703629.3226838139,162582.4223769918
1273,10429,24,21600.0,2.16,19950.684356689453,2.6164321899414062,0.9236427942911783,1752.7083333333333,238.16666666666666,0,643042.9765299677,115662.51853083796
1274,3701,37,33300.0,3.33,19898.14910888672,1.0717391967773438,0.5975420152818834,681.2702702702703,1582.4324324324325,0,683370.9495029408,147805.66042272985
1275,2434,65,58500.0,5.85,19846.17691040039,0.6291961669921875,0.33925088735727166,478.44615384615383,2185.5846153846155,0,701465.5149915062,153890.38391545333
1276,3570,37,33300.0,3.33,19765.811920166016,1.0200424194335938,0.593567925530511,658.5135135135135,2154.7027027027025,0,700539.0576110488,148488.36312543254
1277,6351,35,31500.0,3.15,19756.64520263672,1.064208984375,0.6271950857979911,1166.4571428571428,1938.1714285714286,0,694043.1193871106,133250.05424512367
1278,1172,18,16200.0,1.62,19716.826629638672,2.1321182250976562,1.2170880635579426,216.66666666666666,1483.2777777777778,0,680396.3098633011,161743.76853083796
1279,10886,36,32400.0,3.24,19716.57257080078,1.2010345458984375,0.6085361904568143,1803.4444444444443,1868.0555555555557,0,691939.6431966344,114140.43519750463
1280,10672,53,47700.0,4.77,19711.8896484375,1.0970916748046875,0.41324716244103776,1781.2641509433963,798.433962264151,0,659850.9953978923,114805.84400253606
1281,6641,65,58500.0,5.85,19704.467010498047,0.7971878051757812,0.33682849590594954,1207.0307692307692,1050.8461538461538,0,667423.3611453524,132032.8454539149
1282,10459,60,54000.0,5.4,19700.340270996094,0.7309036254882812,0.3648211161295573,1755.0666666666666,2225.75,0,702670.4765299677,115591.76853083796
1283,1213,40,36000.0,3.6,19693.315887451172,0.9664688110351562,0.5470365524291992,226.9,1388.525,0,677553.7265299677,161436.76853083796
1284,3777,67,60300.0,6.03,19665.438079833984,0.6143341064453125,0.32612666799061335,694.2388059701492,1160.0597014925372,0,670699.7675747438,147416.6043517335
1285,4585,43,38700.0,3.87,19652.625274658203,0.9495620727539062,0.5078197745389716,835.3488372093024,2120.4883720930234,0,699512.6276927585,143183.30341455888
1286,7024,53,47700.0,4.77,19642.67578125,0.748199462890625,0.4117961379716981,1259.245283018868,1614.2264150943397,0,684324.768982798,130466.41004027192
1287,3180,56,50400.0,5.04,19641.64581298828,0.8692245483398438,0.38971519470214844,603.0,1566.5892857142858,0,682895.6551013963,150153.76853083796
1288,4812,63,56700.0,5.67,19593.340301513672,0.5991363525390625,0.34556155734592015,876.8730158730159,1942.8412698412699,0,694183.2146252058,141937.57805464749
1289,10362,104,93600.0,9.36,19563.581085205078,0.65283203125,0.20901261843167818,1749.0288461538462,2202.9134615384614,0,701985.3803761216,115772.90314622258
1290,9457,75,67500.0,6.75,19526.385498046875,0.6406021118164062,0.28927978515625,1626.9866666666667,2120.5333333333333,0,699513.9765299677,119434.16853083795
1291,187,63,56700.0,5.67,19524.153900146484,0.6688995361328125,0.3443413386269221,38.317460317460316,2013.031746031746,0,696288.9289109202,167094.24472131414
1292,7998,67,60300.0,6.03,19487.081909179688,0.6007843017578125,0.3231688542152519,1404.6119402985075,2166.820895522388,0,700902.6033956393,126105.41032188272
1293,2681,39,35100.0,3.51,19467.203521728516,0.9774703979492188,0.5546211829552283,515.7692307692307,1945.3589743589744,0,694258.745760737,152770.69160776102
1294,9556,53,47700.0,4.77,19466.022491455078,1.33990478515625,0.4080927147055572,1636.1132075471698,2167.8867924528304,0,700934.5803035527,119160.37230442287
1295,7646,79,71100.0,7.11,19461.751556396484,0.50225830078125,0.27372365058222903,1352.620253164557,2124.3544303797466,0,699628.6094413601,127665.16093590125
1296,10510,70,63000.0,6.3,19257.9345703125,0.7544403076171875,0.30568150111607145,1761.5,1151.4857142857143,0,670442.5479585392,115398.76853083796
1297,2938,50,45000.0,4.5,19226.836395263672,1.2594146728515625,0.4272630310058594,567.06,1582.04,0,683359.1765299677,151231.96853083797
1298,10851,32,28800.0,2.88,19212.725830078125,1.299560546875,0.6671085357666016,1798.6875,1220.1875,0,672503.6015299677,114283.14353083796
1299,4859,30,27000.0,2.7,19192.75131225586,1.3920059204101562,0.7108426411946615,886.8333333333334,1452.2333333333333,0,679464.9765299677,141638.76853083796
1300,3014,74,66600.0,6.66,19165.28549194336,0.51959228515625,0.28776704942857895,575.3783783783783,1846.8243243243244,0,691302.7062596974,150982.4171794866
1301,7942,40,36000.0,3.6,19120.440673828125,0.984283447265625,0.5311233520507812,1393.7,1614.425,0,684330.7265299677,126432.76853083796
1302,8099,21,18900.0,1.89,19115.139770507812,1.9888153076171875,1.011383056640625,1419.857142857143,1512.095238095238,0,681260.8336728249,125648.05424512367
1303,7679,74,66600.0,6.66,19081.301879882812,1.126800537109375,0.28650603423247467,1355.9054054054054,1320.9864864864865,0,675527.5711245623,127566.6063686758
1304,6774,61,54900.0,5.49,19063.833618164062,0.7198028564453125,0.3472465139920594,1220.688524590164,1254.622950819672,0,673536.6650545578,131623.11279313304
1305,9028,11,9900.0,0.99,19035.543823242188,2.609527587890625,1.9227822043678977,1570.5454545454545,815.9090909090909,0,660375.2492572404,121127.40489447433
1306,7159,57,51300.0,5.13,19033.751678466797,0.67291259765625,0.3710282978258635,1280.0,1185.5263157894738,0,671463.766003652,129843.76853083796
1307,2347,75,67500.0,6.75,19032.378387451172,0.61614990234375,0.2819611612955729,466.3466666666667,1749.8133333333333,0,688392.3765299678,154253.36853083796
1308,3686,46,41400.0,4.14,19029.96826171875,1.02880859375,0.4596610691236413,678.9130434782609,2133.413043478261,0,699900.3678343155,147876.37722649012
1309,8133,46,41400.0,4.14,19017.169189453125,0.8972930908203125,0.45935191278872284,1424.7608695652175,1458.5,0,679652.9765299677,125500.94244388143
1310,1441,34,30600.0,3.06,18996.157836914062,1.1170196533203125,0.6207894717945772,271.52941176470586,773.4411764705883,0,659101.2118240853,160097.88617789678
1311,509,51,45900.0,4.59,18963.109588623047,0.7893142700195312,0.41313964245366114,106.31372549019608,1217.5686274509803,0,672425.0353534971,165054.35676613208
1312,349,31,27900.0,2.79,18889.844512939453,1.36309814453125,0.6770553588867188,70.38709677419355,1823.225806451613,0,690594.7507235161,166132.15562761214
1313,4644,25,22500.0,2.25,18839.190673828125,1.3414764404296875,0.83729736328125,844.4,1482.52,0,680373.5765299677,142911.76853083796
1314,9993,73,65700.0,6.57,18812.198638916016,0.6857986450195312,0.28633483468669735,1695.3150684931506,847.8082191780821,0,661332.2231053102,117384.31647604343
1315,7091,71,63900.0,6.39,18782.096099853516,0.55670166015625,0.2939295164296325,1270.2394366197184,1622.8732394366198,0,684584.1737130664,130136.58543224641
1316,3124,36,32400.0,3.24,18760.020446777344,1.6657028198242188,0.5790129767523872,592.25,1544.5277777777778,0,682233.8098633011,150476.26853083796
1317,6265,59,53100.0,5.31,18693.429565429688,0.6092147827148438,0.3520419880495233,1153.1186440677966,1499.406779661017,0,680880.1799197983,133650.20920880407
1318,76,31,27900.0,2.79,18657.140350341797,1.2629241943359375,0.6687147078975555,20.93548387096774,708.7096774193549,0,657159.2668525483,167615.70401470893
1319,8571,52,46800.0,4.68,18647.06039428711,0.913726806640625,0.39844146141639125,1500.5576923076924,1193.8653846153845,0,671713.9380684292,123227.03776160718
1320,18,63,56700.0,5.67,18636.431121826172,0.8935470581054688,0.32868485223679317,8.968253968253968,1444.857142857143,1,679243.690815682,167974.72091179033
1321,10261,76,68400.0,6.84,18552.928161621094,0.6009674072265625,0.27124163978978205,1738.3552631578948,1043.907894736842,0,667215.213372073,116093.1106361011
1322,8569,88,79200.0,7.92,18519.50912475586,0.61529541015625,0.23383218591863458,1499.8181818181818,1091.8181818181818,0,668652.5219845132,123249.2230762925
1323,8715,61,54900.0,5.49,18463.135528564453,0.7417144775390625,0.33630483658587346,1527.2459016393443,2033.1967213114754,0,696893.878169312,122426.39148165763
1324,2446,48,43200.0,4.32,18348.30093383789,0.8798446655273438,0.4247291882832845,486.4375,1260.3958333333333,0,673709.8515299677,153650.64353083796
1325,5265,47,42300.0,4.23,18223.75717163086,0.9624786376953125,0.43082168254446473,962.0212765957447,1763.340425531915,0,688798.1892959252,139383.13023296563
1326,10635,71,63900.0,6.39,18101.486206054688,0.5897979736328125,0.28327834438270244,1775.394366197183,1254.774647887324,0,673541.2159665874,114981.93754492246
1327,2746,81,72900.0,7.29,17994.520568847656,0.534454345703125,0.24683841658227237,529.5555555555555,440.5432098765432,0,649114.272826264,152357.1018641713
1328,9588,48,43200.0,4.32,17986.00616455078,0.90814208984375,0.41634273529052734,1644.2708333333333,1302.1458333333333,0,674962.3515299677,118915.64353083796
1329,8599,70,63000.0,6.3,17944.189453125,0.5115814208984375,0.28482840401785714,1503.357142857143,1175.8714285714286,0,671174.1193871106,123143.05424512367
1330,6595,66,59400.0,5.94,17913.523864746094,0.65509033203125,0.3015744758374763,1200.409090909091,1141.7121212121212,0,670149.3401663314,132231.49580356522
1331,995,44,39600.0,3.96,17907.035064697266,1.1106414794921875,0.45219785516912286,187.54545454545453,757.1136363636364,0,658611.3856208768,162617.4048944743
1332,9330,67,60300.0,6.03,17900.958251953125,0.534332275390625,0.2968649793027052,1606.402985074627,1031.955223880597,0,666856.6332463856,120051.67897859914
1333,2346,16,14400.0,1.44,17884.286499023438,2.8899917602539062,1.241964340209961,463.5,160.0,0,640697.9765299677,154338.76853083796
1334,10871,22,19800.0,1.98,17830.645751953125,1.72955322265625,0.9005376642400568,1800.7727272727273,1209.0,0,672167.9765299677,114220.58671265614
1335,3539,41,36900.0,3.69,17828.730010986328,1.0467987060546875,0.4831634149318788,654.829268292683,2115.756097560976,0,699370.6594567971,148598.89048205747
1336,7790,58,52200.0,5.22,17826.27182006836,0.8302688598632812,0.3414994601545663,1376.5689655172414,2062.362068965517,0,697768.8385989333,126946.69956532071
1337,2553,44,39600.0,3.96,17824.905395507812,0.9172210693359375,0.45012387362393463,498.0,1497.4318181818182,0,680820.9310754223,153303.76853083796
1338,4730,49,44100.0,4.41,17813.795471191406,0.86114501953125,0.4039409403898278,861.0816326530612,1418.938775510204,0,678466.1397952739,142411.31955124612
1339,6492,56,50400.0,5.04,17736.314392089844,0.6998062133789062,0.35191099984305246,1184.6607142857142,1095.75,0,668770.4765299677,132703.94710226654
1340,53,66,59400.0,5.94,17709.027099609375,0.5739593505859375,0.2981317693536932,14.984848484848484,1094.409090909091,0,668730.2492572404,167794.22307629252
1341,3772,66,59400.0,5.94,17685.16616821289,0.6836929321289062,0.2977300701719342,693.9545454545455,1468.6060606060605,0,679956.1583481495,147425.1321672016
1342,2101,25,22500.0,2.25,17683.614349365234,1.6171646118164062,0.7859384155273438,412.68,282.52,0,644373.5765299677,155863.36853083796
1343,502,44,39600.0,3.96,17672.284698486328,0.9946441650390625,0.4462698156183416,103.93181818181819,1520.409090909091,0,681510.2492572404,165125.8139853834
1344,9282,56,50400.0,5.04,17629.087829589844,0.649261474609375,0.34978348868233816,1602.5535714285713,850.1071428571429,0,661401.190815682,120167.16138798083
1345,9088,73,65700.0,6.57,17610.301208496094,0.5513687133789062,0.2680411142845676,1578.164383561644,2006.6164383561643,0,696096.4696806527,120898.83702398864
1346,6501,111,99900.0,9.99,17605.432891845703,0.5238723754882812,0.17623055947793498,1185.5675675675675,1454.2792792792793,0,679526.3549083461,132676.74150381092
1347,1275,35,31500.0,3.15,17541.966247558594,2.0233001708984375,0.5568878173828125,240.4857142857143,1478.9714285714285,0,680267.1193871106,161029.19710226654
1348,10127,35,31500.0,3.15,17490.330505371094,1.1399688720703125,0.5552485874720983,1713.9142857142858,1380.8857142857144,0,677324.5479585392,116826.33995940938
1349,9534,27,24300.0,2.43,17490.179443359375,1.439483642578125,0.7197604709201388,1632.5185185185185,1097.5185185185185,0,668823.5320855232,119268.2129752824
1350,4182,50,45000.0,4.5,17445.760345458984,0.7284469604492188,0.38768356323242187,766.52,1126.78,0,669701.3765299678,145248.16853083795
1351,8107,36,32400.0,3.24,17406.875610351562,1.1807327270507812,0.5372492472330729,1424.3333333333333,1669.5277777777778,0,685983.8098633011,125513.76853083796
1352,859,36,32400.0,3.24,17358.968353271484,1.1346893310546875,0.5357706281873915,166.05555555555554,2088.9166666666665,0,698565.4765299677,163262.1018641713
1353,464,45,40500.0,4.05,17337.290954589844,1.0518569946289062,0.42808125813802084,99.11111111111111,1099.1777777777777,0,668873.3098633011,165270.43519750462
1354,9076,68,61200.0,6.12,17333.67919921875,0.5891876220703125,0.2832300522748162,1579.7794117647059,1169.3970588235295,0,670979.8882946736,120850.38617789678
1355,806,56,50400.0,5.04,17330.4931640625,0.7769622802734375,0.34385899135044645,159.46428571428572,2141.9464285714284,0,700156.3693871106,163459.83995940938
1356,6696,30,27000.0,2.7,17223.534393310547,1.3130722045898438,0.6379086812337239,1209.1,1336.0666666666666,0,675979.9765299677,131970.76853083796
1357,10335,19,17100.0,1.71,17213.138580322266,2.404327392578125,1.006616291246916,1740.6315789473683,234.21052631578948,0,642924.2923194414,116024.8211624169
1358,9392,96,86400.0,8.64,17177.096557617188,0.542999267578125,0.19880898793538412,1618.0520833333333,1263.6770833333333,0,673808.2890299677,119702.20603083796
1359,2917,63,56700.0,5.67,17109.949493408203,0.608367919921875,0.3017627776615203,560.8888888888889,1649.2222222222222,0,685374.6431966344,151417.1018641713
1360,4203,38,34200.0,3.42,17083.81576538086,1.23748779296875,0.4995267767655222,771.0263157894736,1541.3157894736842,0,682137.4502141783,145112.97905715375
1361,182,57,51300.0,5.13,17040.282440185547,0.5139236450195312,0.3321692483466968,36.96491228070175,1414.701754385965,0,678339.0291615467,167134.82116241692
1362,429,10,9000.0,0.9,16983.201599121094,3.7239990234375,1.8870223999023437,86.9,1483.7,0,680408.9765299677,165636.76853083796
1363,10071,65,58500.0,5.85,16961.661529541016,0.62567138671875,0.28994293212890626,1705.6153846153845,436.61538461538464,0,648996.4380684292,117075.30699237643
1364,370,72,64800.0,6.48,16886.865234375,0.5242767333984375,0.2605997721354167,78.69444444444444,753.7222222222222,0,658509.6431966344,165882.93519750462
1365,7829,49,44100.0,4.41,16875.096130371094,0.852447509765625,0.38265524105149873,1378.6530612244899,1292.204081632653,0,674664.0989789474,126884.17669410325
1366,3521,22,19800.0,1.98,16865.098571777344,1.9024581909179688,0.8517726551402699,649.5,1548.0,0,682337.9765299677,148758.76853083796
1367,1465,23,20700.0,2.07,16831.60400390625,1.4672164916992188,0.8131209663722826,271.0,2124.8695652173915,0,699644.0634864895,160113.76853083796
1368,4344,57,51300.0,5.13,16799.173736572266,0.8572006225585938,0.3274692736173931,794.3333333333334,1891.157894736842,0,692632.713372073,144413.76853083796
1369,5973,68,61200.0,6.12,16790.755462646484,0.5563430786132812,0.27435874938964844,1105.3382352941176,1732.5882352941176,0,687875.6235887912,135083.62147201443
1370,4913,41,36900.0,3.69,16781.90460205078,0.9673004150390625,0.45479416265720274,897.829268292683,1401.1463414634147,0,677932.3667738702,141308.89048205747
1371,4355,16,14400.0,1.44,16762.877655029297,1.901031494140625,1.1640887260437012,793.4375,2154.25,0,700525.4765299677,144440.64353083796
1372,6909,61,54900.0,5.49,16719.72198486328,0.6359710693359375,0.30454867003393954,1243.1147540983607,1087.360655737705,0,668518.7962020988,130950.32590788713
1373,1551,46,41400.0,4.14,16712.100219726562,0.82196044921875,0.4036739183508832,293.9347826086956,2250.195652173913,0,703403.8460951851,159425.7250525771
1374,3664,19,17100.0,1.71,16696.609497070312,1.6623992919921875,0.976409912109375,674.9473684210526,1525.1052631578948,0,681651.1344247046,147995.3474782064
1375,1068,52,46800.0,4.68,16674.561309814453,0.6523284912109375,0.3562940450815054,200.65384615384616,2169.1346153846152,0,700972.0149915062,162224.15314622258
1376,2710,22,19800.0,1.98,16667.461395263672,1.5701904296875,0.8417909795587714,520.2727272727273,2076.7272727272725,0,698199.7947117859,152635.58671265614
1377,1257,51,45900.0,4.59,16639.624786376953,0.7653427124023438,0.362519058526731,233.52941176470588,2123.8823529411766,0,699614.447118203,161237.88617789678
1378,10880,19,17100.0,1.71,16630.458068847656,1.934173583984375,0.9725414075349507,1801.6842105263158,1846.1052631578948,0,691281.1344247046,114193.24221504849
1379,7075,36,32400.0,3.24,16617.350006103516,1.0536041259765625,0.5128811730278863,1267.5277777777778,1643.8333333333333,0,685212.9765299677,130217.93519750462
1380,9902,13,11700.0,1.17,16589.190673828125,2.774444580078125,1.4178795447716346,1678.6923076923076,1944.3076923076924,0,694227.2072991985,117882.99930006874
1381,3277,40,36000.0,3.6,16582.58514404297,0.8068923950195312,0.4606273651123047,613.7,1562.125,0,682761.7265299677,149832.76853083796
1382,1957,66,59400.0,5.94,16566.57257080078,0.6127166748046875,0.2788985281279593,379.969696969697,1831.7272727272727,0,690849.794711786,156844.67762174705
1383,2025,30,27000.0,2.7,16523.210906982422,1.2456741333007812,0.6119707743326823,393.8333333333333,1160.0,0,670697.9765299677,156428.76853083796
1384,6798,57,51300.0,5.13,16483.2275390625,0.5652999877929688,0.32131047834429827,1222.438596491228,1380.9649122807018,0,677326.9238983887,131570.6106361011
1385,2935,58,52200.0,5.22,16393.187713623047,0.8883209228515625,0.31404574164028826,573.8620689655172,837.8620689655172,0,661033.8385989333,151027.90646187245
1386,675,49,44100.0,4.41,16366.84799194336,1.2985382080078125,0.37113033995336414,136.0204081632653,1138.9183673469388,0,670065.5275503759,164163.15628594
1387,4759,55,49500.0,4.95,16345.637512207031,1.110992431640625,0.33021489923650565,866.7636363636364,1446.5454545454545,0,679294.3401663314,142240.85943992887
1388,904,12,10800.0,1.08,16263.947296142578,3.0921783447265625,1.5059210459391277,172.33333333333334,216.33333333333334,0,642387.9765299677,163073.76853083796
1389,3563,49,44100.0,4.41,16195.838928222656,0.8535308837890625,0.3672525834064094,660.0204081632653,365.9387755102041,0,646876.1397952739,148443.15628594
1390,4296,54,48600.0,4.86,16143.667602539062,0.6578445434570312,0.33217423050491895,785.2407407407408,1845.0185185185185,0,691248.5320855232,144686.54630861574
1391,153,65,58500.0,5.85,16135.07080078125,0.5449676513671875,0.2758131760817308,30.923076923076923,2046.0153846153846,0,697278.4380684292,167316.07622314565
1392,10989,51,45900.0,4.59,16054.65087890625,1.6478652954101562,0.3497745289522059,1815.764705882353,1928.4117647058824,0,693750.3294711442,113770.82735436737
1393,7585,55,49500.0,4.95,16052.89306640625,0.7304763793945312,0.32430087002840907,1341.709090909091,1727.0,0,687707.9765299677,127992.49580356522
1394,7608,44,39600.0,3.96,16034.353637695312,0.9189682006835938,0.40490792014382104,1345.7272727272727,1590.2954545454545,0,683606.8401663314,127871.95034901978
1395,670,51,45900.0,4.59,15992.351531982422,0.7321014404296875,0.3484172447054994,134.47058823529412,2063.176470588235,0,697793.2706476148,164209.65088377913
1396,8917,36,32400.0,3.24,15989.845275878906,0.87176513671875,0.4935137430826823,1556.25,1193.4722222222222,0,671702.1431966344,121556.26853083796
1397,10890,52,46800.0,4.68,15945.295715332031,1.089080810546875,0.34071144690880406,1805.9423076923076,2254.3653846153848,0,703528.9380684292,114065.49930006874
1398,7205,60,54000.0,5.4,15898.741149902344,0.8931961059570312,0.294421132405599,1286.05,1403.7833333333333,0,678011.4765299677,129662.26853083796
1399,10810,11,9900.0,0.99,15898.445892333984,3.5116500854492188,1.6059036254882812,1793.8181818181818,145.36363636363637,0,640258.8856208768,114429.2230762925
1400,1661,16,14400.0,1.44,15893.323516845703,2.1920089721679688,1.1037030220031738,315.8125,1178.5625,0,671254.8515299677,158769.39353083796
1401,687,50,45000.0,4.5,15888.056945800781,0.7014007568359375,0.35306793212890625,138.88,1147.98,0,670337.3765299678,164077.36853083796
1402,4528,56,50400.0,5.04,15877.55126953125,0.587738037109375,0.31503077915736605,824.4464285714286,571.0535714285714,0,653029.5836728249,143510.37567369512
1403,5058,55,49500.0,4.95,15870.574951171875,0.5880813598632812,0.32061767578125,924.1818181818181,1834.509090909091,0,690933.2492572404,140518.31398538343
1404,8430,61,54900.0,5.49,15787.621307373047,0.514373779296875,0.28757051561699537,1471.2622950819673,2068.0819672131147,0,697940.4355463611,124105.89967837895
1405,4110,45,40500.0,4.05,15750.576782226562,1.1638946533203125,0.38890313042534724,753.9555555555555,1870.8,0,692021.9765299677,145625.1018641713
1406,10826,58,52200.0,5.22,15741.50619506836,2.4925308227539062,0.3015614213614628,1800.9310344827586,169.22413793103448,0,640974.7006678988,114215.8374963552
1407,3762,44,39600.0,3.96,15698.76937866211,0.8639144897460938,0.3964335701682351,691.0454545454545,2028.1818181818182,0,696743.4310754223,147512.4048944743
1408,9007,40,36000.0,3.6,15668.069458007812,1.4049835205078125,0.4352241516113281,1567.9,1088.05,0,668539.4765299677,121206.76853083796
1409,4498,65,58500.0,5.85,15631.86264038086,0.734893798828125,0.2672113271859976,821.1538461538462,2112.5538461538463,0,699274.5919145831,143609.15314622258
1410,10595,10,9000.0,0.9,15599.885559082031,3.3092041015625,1.7333206176757812,1766.0,1869.2,0,691973.9765299677,115263.76853083796
1411,1376,30,27000.0,2.7,15590.849304199219,1.0218582153320312,0.5774388631184896,256.1333333333333,1171.9666666666667,0,671056.9765299677,160559.76853083796
1412,1710,11,9900.0,0.99,15589.558410644531,3.0904388427734375,1.574702869762074,326.45454545454544,255.72727272727272,0,643569.794711786,158450.1321672016
1413,4704,30,27000.0,2.7,15578.72314453125,0.948822021484375,0.57698974609375,856.7666666666667,1347.1666666666667,0,676312.9765299677,142540.76853083796
1414,3272,134,120600.0,12.06,15574.76806640625,0.636260986328125,0.1291440138176306,620.723880597015,1463.6119402985075,0,679806.334738923,149622.05211292751
1415,8241,75,67500.0,6.75,15572.042083740234,0.5031967163085938,0.23069691975911458,1442.9466666666667,192.48,0,641672.3765299678,124955.36853083796
1416,441,71,63900.0,6.39,15514.205932617188,0.5282821655273438,0.24278882523657572,97.01408450704226,1073.6478873239437,0,668107.4131496861,165333.3459956267
1417,6516,55,49500.0,4.95,15460.997772216797,0.611541748046875,0.31234338933771305,1189.0363636363636,1438.0181818181818,0,679038.5219845132,132572.67762174705
1418,6521,42,37800.0,3.78,15454.220581054688,0.9232177734375,0.40884181431361605,1189.0714285714287,1319.904761904762,0,675495.1193871106,132571.6256736951
1419,4477,11,9900.0,0.99,15402.193450927734,2.6513442993164062,1.5557771162553267,812.5454545454545,1540.3636363636363,0,682108.8856208768,143867.4048944743
1420,4150,49,44100.0,4.41,15327.891540527344,0.738555908203125,0.3475712367466518,760.734693877551,1833.5510204081634,0,690904.5071422126,145421.72771451142
1421,9681,65,58500.0,5.85,15173.300170898438,0.5317840576171875,0.2593726524939904,1653.6153846153845,1678.6153846153845,0,686256.4380684292,118635.30699237643
1422,5313,68,61200.0,6.12,15151.21078491211,0.7049407958984375,0.24756880367503448,975.6176470588235,1939.985294117647,0,694097.5353534971,138975.23911907326
1423,3679,52,46800.0,4.68,15113.218688964844,0.7789230346679688,0.3229320232684796,680.2307692307693,2123.923076923077,0,699615.66883766,147836.8454539149
1424,8085,25,22500.0,2.25,15098.757934570312,1.8402252197265625,0.671055908203125,1417.32,1525.0,0,681647.9765299677,125724.16853083795
1425,10209,46,41400.0,4.14,15076.716613769531,0.92608642578125,0.364171898883322,1726.0869565217392,899.3260869565217,0,662877.7591386634,116461.15983518578
1426,7522,11,9900.0,0.99,15054.249572753906,2.91717529296875,1.520631269975142,1328.5454545454545,1470.5454545454545,0,680014.3401663314,128387.40489447433
1427,5524,12,10800.0,1.08,15043.743896484375,2.1055526733398438,1.3929392496744792,1014.25,1754.0,0,688517.9765299677,137816.26853083796
1428,157,15,13500.0,1.35,15038.971710205078,1.5591049194335938,1.1139979044596353,32.6,148.8,0,640361.9765299677,167265.76853083796
1429,10896,65,58500.0,5.85,15019.862365722656,0.5133056640625,0.2567497840294471,1806.5230769230768,1612.446153846154,0,684271.3611453524,114048.07622314565
1430,7406,32,28800.0,2.88,14958.091735839844,1.0179519653320312,0.5193781852722168,1314.65625,1487.5625,0,680524.8515299677,128804.08103083796
1431,7521,36,32400.0,3.24,14895.469665527344,1.041168212890625,0.4597367180718316,1331.6666666666667,1439.0833333333333,0,679070.4765299677,128293.76853083796
1432,8765,33,29700.0,2.97,14891.404724121094,1.079620361328125,0.5013940984552557,1533.3030303030303,854.2727272727273,0,661526.1583481495,122244.67762174705
1433,4353,51,45900.0,4.59,14855.12924194336,0.6274032592773438,0.323641159955193,796.8627450980392,1354.9607843137255,0,676546.8000593795,144337.88617789678
1434,468,48,43200.0,4.32,14853.357696533203,1.0912857055664062,0.3438277244567871,98.125,603.5,0,654002.9765299677,165300.01853083796
1435,7422,50,45000.0,4.5,14838.533020019531,0.8547744750976562,0.32974517822265625,1317.98,1238.22,0,673044.5765299677,128704.36853083796
1436,206,16,14400.0,1.44,14824.36752319336,2.1169357299804688,1.0294699668884277,39.875,1408.0625,0,678139.8515299677,167047.51853083796
1437,6480,16,14400.0,1.44,14804.427337646484,2.2546768188476562,1.0280852317810059,1181.375,1236.5,0,672992.9765299677,132802.51853083796
1438,9802,35,31500.0,3.15,14779.330444335938,1.1591949462890625,0.46918509347098214,1669.4571428571428,1446.4571428571428,0,679291.690815682,118160.05424512367
1439,3379,29,26100.0,2.61,14744.469451904297,0.9910659790039062,0.5649222012223869,629.2068965517242,2117.7241379310344,0,699429.7006678988,149367.56163428625
1440,4765,37,33300.0,3.33,14699.246978759766,0.788787841796875,0.44141882819098394,866.1351351351351,1405.7027027027027,0,678069.0576110488,142259.7144767839
1441,86,39,35100.0,3.51,14661.852264404297,0.9050369262695312,0.41771658872946715,29.076923076923077,531.1282051282051,0,651831.8226838139,167371.46083853027
1442,4429,41,36900.0,3.69,14628.824615478516,1.000244140625,0.3964451115305831,806.609756097561,1865.780487804878,0,691871.3911641141,144045.47584791112
1443,11101,36,32400.0,3.24,14614.590454101562,0.7546844482421875,0.45106760660807294,1829.6666666666667,1031.6666666666667,0,666847.9765299677,113353.76853083796
1444,5985,34,30600.0,3.06,14613.450622558594,0.5992355346679688,0.4775637458352482,1107.3235294117646,594.0588235294117,0,653719.7412358501,135024.062648485
1445,6035,16,14400.0,1.44,14595.687103271484,1.1229934692382812,1.0135893821716309,1113.25,598.5,0,653852.9765299677,134846.26853083796
1446,4276,61,54900.0,5.49,14557.276153564453,0.5506210327148438,0.26515985707767675,784.8688524590164,1148.5901639344263,0,670355.6814480005,144697.70295706746
1447,1158,43,38700.0,3.87,14484.278869628906,0.697174072265625,0.3742707718250363,215.51162790697674,2246.813953488372,0,703302.3951346189,161778.41969362865
1448,1051,69,62100.0,6.21,14477.549743652344,0.5345001220703125,0.2331328461135643,199.02898550724638,330.2463768115942,0,645805.3678343155,162272.89896562058
1449,2285,56,50400.0,5.04,14475.94985961914,1.0302352905273438,0.28722122737339567,455.89285714285717,155.73214285714286,0,640569.940815682,154566.98281655225
1450,6583,53,47700.0,4.77,14342.095184326172,0.5682296752929688,0.30067285501732016,1199.3396226415093,1643.132075471698,0,685191.9387941187,132263.5798515927
1451,7471,25,22500.0,2.25,14283.43505859375,1.25128173828125,0.6348193359375,1322.6,1412.52,0,678273.5765299677,128565.76853083796
1452,4711,31,27900.0,2.79,14270.759582519531,0.9772796630859375,0.5114967592300907,857.483870967742,1933.5483870967741,0,693904.428142871,142519.25240180572
1453,1673,32,28800.0,2.88,14267.03109741211,1.3108596801757812,0.49538302421569824,317.625,1092.21875,0,668664.5390299677,158715.01853083796
1454,5521,31,27900.0,2.79,14263.041687011719,0.8110885620117188,0.5112201321509576,1013.1290322580645,1796.0967741935483,0,689780.8797557742,137849.89756309602
1455,8772,33,29700.0,2.97,14254.074096679688,0.960540771484375,0.47993515477035986,1535.5454545454545,1492.3636363636363,0,680668.8856208768,122177.40489447433
1456,7601,47,42300.0,4.23,14236.969757080078,0.6027984619140625,0.3365713890562666,1344.8510638297873,1541.0212765957447,0,682128.6148278401,127898.23661594433
1457,9300,34,30600.0,3.06,14184.33837890625,0.8448638916015625,0.4635404698988971,1603.5,1777.3235294117646,0,689217.6824123206,120138.76853083796
1458,3909,31,27900.0,2.79,14151.839447021484,2.2728195190429688,0.507234388782132,716.8709677419355,1472.774193548387,0,680081.2023364194,146737.6394985799
1459,8167,44,39600.0,3.96,14103.533935546875,0.6181488037109375,0.3561498468572443,1430.3863636363637,1367.909090909091,0,676935.2492572404,125332.17762174705
1460,10893,28,25200.0,2.52,14099.098205566406,0.906402587890625,0.559488024030413,1803.892857142857,844.9642857142857,0,661246.9051013963,114126.98281655225
1461,4292,51,45900.0,4.59,14085.296630859375,1.7081298828125,0.3068692076439951,785.1960784313726,384.27450980392155,0,647426.2118240853,144687.88617789678
1462,6891,38,34200.0,3.42,14037.368774414062,1.0601959228515625,0.41044937936883225,1236.157894736842,1801.1052631578948,0,689931.1344247046,131159.0316887327
1463,7012,41,36900.0,3.69,14034.635925292969,0.5975341796875,0.38034243699980946,1258.2682926829268,1201.4878048780488,0,671942.6106763092,130495.71975035015
1464,5297,47,42300.0,4.23,13977.603149414062,0.7321929931640625,0.3304397907662899,970.9574468085107,1900.7021276595744,0,692919.0403597549,139115.04512658264
1465,578,46,41400.0,4.14,13946.40884399414,0.99609375,0.33686977884043817,117.3695652173913,1523.9782608695652,0,681617.3243560547,164722.68157431623
1466,6791,25,22500.0,2.25,13936.356353759766,1.1448898315429688,0.6193936157226563,1219.64,1326.72,0,675699.5765299677,131654.56853083795
1467,2613,16,14400.0,1.44,13903.335571289062,2.1546478271484375,0.9655094146728516,504.75,636.0,0,654977.9765299677,153101.26853083796
1468,2912,46,41400.0,4.14,13902.593994140625,0.5947647094726562,0.33581144913383154,557.8478260869565,1104.108695652174,0,669021.2373995329,151508.33374822926
1469,4310,12,10800.0,1.08,13870.38345336914,3.0003509521484375,1.2842947642008464,784.0,1909.0833333333333,0,693170.4765299677,144723.76853083796
1470,132,48,43200.0,4.32,13767.647552490234,1.2660675048828125,0.3186955451965332,30.083333333333332,543.75,0,652210.4765299677,167341.26853083796
1471,357,51,45900.0,4.59,13717.378234863281,0.7940826416015625,0.2988535563151042,72.07843137254902,1442.4117647058824,0,679170.3294711442,166081.41558966148
1472,5227,43,38700.0,3.87,13690.20767211914,1.0175704956054688,0.35375213623046875,953.7209302325581,1587.9302325581396,0,683535.8835067119,139632.14062386123
1473,4827,56,50400.0,5.04,13652.78549194336,0.5895919799804688,0.27088860103062223,880.5357142857143,2100.6071428571427,0,698916.190815682,141827.69710226654
1474,11042,18,16200.0,1.62,13646.035766601562,1.06781005859375,0.8423478868272569,1821.888888888889,165.38888888888889,0,640859.6431966344,113587.1018641713
1475,6860,46,41400.0,4.14,13598.279571533203,0.654083251953125,0.32846085921577783,1231.891304347826,337.2173913043478,0,646014.4982690982,131287.02940040317
1476,4721,14,12600.0,1.26,13591.316986083984,2.0259246826171875,1.0786759512765067,857.2142857142857,1441.642857142857,0,679147.2622442534,142527.33995940938
1477,8802,39,35100.0,3.51,13587.492370605469,0.6618423461914062,0.38710804474659455,1539.923076923077,1166.025641025641,0,670878.745760737,122046.07622314565
1478,3419,12,10800.0,1.08,13555.99594116211,2.3437728881835938,1.255184809366862,633.4166666666666,1452.0833333333333,0,679460.4765299677,149241.26853083796
1479,5031,25,22500.0,2.25,13526.669311523438,1.19140625,0.601185302734375,919.08,1262.96,0,673786.7765299678,140671.36853083796
1480,6104,10,9000.0,0.9,13457.125854492188,2.4322433471679688,1.4952362060546875,1124.8,1767.7,0,688928.9765299677,134499.76853083796
1481,1525,70,63000.0,6.3,13456.830596923828,0.5011672973632812,0.21360048566545758,292.72857142857146,1706.557142857143,0,687094.690815682,159461.91138798083
1482,1154,13,11700.0,1.17,13456.617736816406,1.850494384765625,1.1501382681039662,213.69230769230768,1473.1538461538462,0,680092.5919145831,161832.99930006874
1483,155,30,27000.0,2.7,13413.159942626953,0.9693984985351562,0.49678370157877605,30.1,2113.366666666667,0,699298.9765299677,167340.76853083796
1484,9691,43,38700.0,3.87,13387.637329101562,0.590301513671875,0.34593378111373546,1653.953488372093,1722.6046511627908,0,687576.1160648514,118625.16387967516
1485,98,16,14400.0,1.44,13374.254608154297,1.692840576171875,0.9287676811218262,20.0,133.3125,0,639897.3515299677,167643.76853083796
1486,10784,64,57600.0,5.76,13369.59228515625,0.536590576171875,0.23211097717285156,1795.21875,884.734375,0,662440.0077799677,114387.20603083796
1487,7930,31,27900.0,2.79,13364.263916015625,0.9535369873046875,0.47900587512600806,1393.3225806451612,1465.516129032258,0,679863.4604009355,126444.09111148313
1488,10136,53,47700.0,4.77,13363.22021484375,0.532958984375,0.2801513671875,1714.3962264150944,1585.3207547169811,0,683457.5991714771,116811.88173838513
1489,1,54,48600.0,4.86,13354.582214355469,0.5406417846679688,0.27478564227068863,3.962962962962963,2297.0185185185187,1,704808.5320855232,168124.87964194908
1490,3248,55,49500.0,4.95,13321.410369873047,0.5021286010742188,0.2691194014115767,611.0181818181818,1384.9272727272728,0,677445.794711786,149913.2230762925
1491,7527,40,36000.0,3.6,13276.94320678711,0.589599609375,0.3688039779663086,1332.225,2317.7,0,705428.9765299677,128277.01853083796
1492,10519,54,48600.0,4.86,13231.974792480469,0.5333251953125,0.2722628558123553,1763.148148148148,1244.351851851852,0,673228.5320855232,115349.32408639352
1493,2417,39,35100.0,3.51,13231.16455078125,0.6251068115234375,0.37695625500801283,474.28205128205127,2255.769230769231,0,703571.0534530446,154015.30699237643
1494,7643,38,34200.0,3.42,13184.719848632812,0.8182830810546875,0.3855181242290296,1352.3947368421052,1387.921052631579,0,677535.6081089152,127671.92642557481
1495,7304,52,46800.0,4.68,13151.795196533203,0.5326690673828125,0.2810212648831881,1303.5192307692307,1795.3653846153845,0,689758.9380684292,129138.19160776104
1496,6752,74,66600.0,6.66,13116.522216796875,0.5038604736328125,0.19694477802998311,1225.7837837837837,222.21621621621622,0,642564.4630164542,131470.25501732444
1497,627,25,22500.0,2.25,13093.766784667969,1.0449066162109375,0.5819451904296875,125.8,2074.04,0,698119.1765299677,164469.76853083796
1498,9425,44,39600.0,3.96,13087.216186523438,0.749481201171875,0.33048525723544037,1618.3181818181818,1445.2727272727273,0,679256.1583481495,119694.2230762925
1499,5863,35,31500.0,3.15,13046.381378173828,0.69415283203125,0.41417083740234373,1080.0,1942.057142857143,0,694159.690815682,135843.76853083796
1500,3036,17,15300.0,1.53,13033.396911621094,1.601043701171875,0.8518560072954964,575.8823529411765,1555.6470588235295,0,682567.3882946736,150967.29794260266
1501,8058,24,21600.0,2.16,13010.15396118164,1.0131988525390625,0.6023219426472982,1413.1666666666667,1083.7916666666667,0,668411.7265299677,125848.76853083796
1502,1031,35,31500.0,3.15,13002.072143554688,0.6996078491210938,0.41276419503348216,192.25714285714287,1801.3142857142857,0,689937.4051013963,162476.05424512367
1503,3613,55,49500.0,4.95,12946.378326416016,0.5194168090820312,0.26154299649325286,673.7818181818182,375.8727272727273,0,647174.1583481495,148030.31398538343
1504,8271,27,24300.0,2.43,12892.67578125,0.940765380859375,0.5305627893518519,1445.5555555555557,1121.111111111111,0,669531.3098633011,124877.10186417129
1505,4853,24,21600.0,2.16,12878.173828125,1.4036788940429688,0.5962117513020834,884.4166666666666,2211.375,0,702239.2265299677,141711.26853083796
1506,9703,12,10800.0,1.08,12870.606994628906,2.31304931640625,1.1917228698730469,1652.5,1054.25,0,667525.4765299677,118668.76853083796
1507,10322,17,15300.0,1.53,12831.729125976562,2.3125152587890625,0.8386751062729779,1737.3529411764705,2273.0588235294117,0,704089.7412358501,116123.18029554385
1508,7731,26,23400.0,2.34,12787.28256225586,1.3590927124023438,0.5464650667630709,1362.7692307692307,1069.923076923077,0,667995.66883766,127360.69160776104
1509,4817,38,34200.0,3.42,12785.497283935547,1.401580810546875,0.3738449498226768,879.2105263157895,21.94736842105263,0,636556.3975825993,141867.45274136428
1510,5932,54,48600.0,4.86,12752.291107177734,0.5268020629882812,0.26239282113534435,1097.6666666666667,1061.962962962963,0,667756.8654188566,135313.76853083796
1511,1633,37,33300.0,3.33,12642.37289428711,0.6748809814453125,0.37965083766627955,309.0,1759.5675675675675,0,688685.0035569947,158973.76853083796
1512,8561,38,34200.0,3.42,12608.995056152344,0.720489501953125,0.36868406596936676,1494.1842105263158,1307.421052631579,0,675120.6081089152,123418.24221504849
1513,8756,25,22500.0,2.25,12606.907653808594,1.0307235717773438,0.5603070068359375,1530.64,116.56,0,639394.7765299678,122324.56853083795
1514,1786,39,35100.0,3.51,12603.144836425781,0.5823287963867188,0.35906395545372594,340.3076923076923,2306.641025641026,0,705097.2072991985,158034.53776160718
1515,4852,15,13500.0,1.35,12592.948150634766,1.7892608642578125,0.9328109741210937,881.5333333333333,2166.9333333333334,0,700905.9765299677,141797.76853083796
1516,8254,48,43200.0,4.32,12589.151000976562,0.53387451171875,0.291415532430013,1442.1458333333333,1380.9583333333333,0,677326.7265299677,124979.39353083796
1517,84,40,36000.0,3.6,12559.7900390625,0.7387466430664062,0.348883056640625,16.85,2114.325,0,699327.7265299677,167738.26853083796
1518,392,45,40500.0,4.05,12376.744079589844,0.5104217529296875,0.30559861924913195,80.02222222222223,1836.4222222222222,0,690990.6431966344,165843.1018641713
1519,1173,11,9900.0,0.99,12313.716888427734,2.4817047119140625,1.243809786709872,217.9090909090909,1797.090909090909,0,689810.703802695,161706.49580356522
1520,1169,32,28800.0,2.88,12280.414581298828,0.972747802734375,0.426403284072876,225.34375,393.09375,0,647690.7890299677,161483.45603083796
1521,7504,64,57600.0,5.76,12210.926055908203,0.6122283935546875,0.21199524402618408,1331.734375,1328.390625,0,675749.6952799677,128291.73728083796
1522,7895,81,72900.0,7.29,12203.599548339844,0.573699951171875,0.1674019142433449,1392.2962962962963,1448.888888888889,0,679364.6431966344,126474.87964194907
1523,1354,29,26100.0,2.61,12202.068328857422,1.0412368774414062,0.4675121965079472,250.75862068965517,2102.5862068965516,0,698975.5627368643,160721.0099101483
1524,7752,33,29700.0,2.97,12186.529541015625,0.7227096557617188,0.4103208599668561,1367.060606060606,1027.8181818181818,0,666732.5219845132,127231.95034901978
1525,10489,36,32400.0,3.24,12184.0576171875,0.7497711181640625,0.3760511610243056,1756.3333333333333,951.7777777777778,0,664451.3098633011,115553.76853083796
1526,6665,29,26100.0,2.61,12129.634094238281,0.6743240356445312,0.4647369384765625,1205.655172413793,1674.2068965517242,0,686124.1834265195,132074.11335842416
1527,9449,42,37800.0,3.78,12106.864929199219,0.64349365234375,0.3202874319893973,1622.095238095238,1139.357142857143,0,670078.690815682,119580.91138798081
1528,8297,27,24300.0,2.43,12066.2841796875,0.842681884765625,0.4965549045138889,1448.4814814814815,1480.6296296296296,0,680316.8654188566,124789.32408639352
1529,9397,50,45000.0,4.5,12043.185424804688,0.5149459838867188,0.2676263427734375,1615.2,2107.92,0,699135.5765299677,119787.76853083796
1530,8282,46,41400.0,4.14,12026.616668701172,0.6089859008789062,0.29049798716669495,1449.6521739130435,1210.1304347826087,0,672201.889573446,124754.20331344666
1531,2274,31,27900.0,2.79,11984.43603515625,0.9047164916992188,0.4295496786794355,446.64516129032256,2305.483870967742,0,705062.492659,154844.4136921283
1532,6557,14,12600.0,1.26,11977.102661132812,1.6086807250976562,0.9505637032645089,1189.5714285714287,1826.642857142857,0,690697.2622442534,132556.6256736951
1533,9525,49,44100.0,4.41,11975.736236572266,0.5734329223632812,0.2715586448202328,1630.7755102040817,2085.0408163265306,0,698449.2010197637,119320.5032247155
1534,8809,44,39600.0,3.96,11972.71499633789,0.753662109375,0.30234128778631036,1541.75,830.3636363636364,0,660808.8856208768,121991.26853083796
1535,8601,39,35100.0,3.51,11970.854187011719,0.749725341796875,0.3410499768379407,1502.5128205128206,1407.948717948718,0,678136.4380684292,123168.38391545333
1536,1665,29,26100.0,2.61,11960.609436035156,0.8682403564453125,0.45826089793238145,315.82758620689657,2036.103448275862,0,696981.0799782436,158768.94094463106
1537,9960,35,31500.0,3.15,11920.083618164062,0.6674041748046875,0.37841535295758927,1690.5714285714287,1036.9142857142858,0,667005.4051013963,117526.62567369509
1538,6847,30,27000.0,2.7,11913.368225097656,0.8153305053710938,0.44123586018880206,1230.3666666666666,1396.2,0,677783.9765299677,131332.76853083796
1539,1075,43,38700.0,3.87,11879.207611083984,0.5694427490234375,0.306956269020258,202.2093023255814,1539.2558139534883,0,682075.6509485724,162177.4894610705
1540,3373,19,17100.0,1.71,11853.266143798828,2.9118194580078125,0.6931734587016859,626.421052631579,2155.842105263158,0,700573.2396878625,149451.1369518906
1541,1768,34,30600.0,3.06,11834.630584716797,1.0307998657226562,0.386752633487477,348.11764705882354,785.1176470588235,0,659451.5059417324,157800.23911907326
1542,686,42,37800.0,3.78,11812.82958984375,0.578826904296875,0.3125087193080357,138.3095238095238,1098.357142857143,0,668848.690815682,164094.48281655225
1543,10737,51,45900.0,4.59,11746.58203125,0.63629150390625,0.2559168198529412,1786.1568627450981,1834.137254901961,0,690922.0941770265,114659.062648485
1544,738,24,21600.0,2.16,11715.682983398438,0.7347869873046875,0.5423927307128906,148.70833333333334,228.0,0,642737.9765299677,163782.51853083796
1545,8225,24,21600.0,2.16,11713.623046875,1.377349853515625,0.54229736328125,1438.75,1470.5833333333333,0,680015.4765299677,125081.26853083796
1546,4133,28,25200.0,2.52,11708.988189697266,1.3715896606445312,0.46464238848005024,759.0357142857143,1862.142857142857,0,691762.2622442534,145472.69710226654
1547,10853,10,9000.0,0.9,11697.637939453125,4.0392913818359375,1.299737548828125,1797.2,1466.1,0,679880.9765299677,114327.76853083796
1548,10259,47,42300.0,4.23,11678.76205444336,0.617156982421875,0.2760936655896775,1731.2340425531916,676.5106382978723,0,656193.2956789039,116306.74725424222
1549,10474,64,57600.0,5.76,11663.168334960938,0.661376953125,0.2024855613708496,1760.90625,1469.046875,0,679969.3827799677,115416.58103083796
1550,7558,31,27900.0,2.79,11613.674926757812,0.9876556396484375,0.41626075006300406,1335.483870967742,1945.6774193548388,0,694268.299110613,128179.2524018057
1551,10863,10,9000.0,0.9,11587.898254394531,1.9772796630859375,1.2875442504882812,1798.3,1882.8,0,692381.9765299677,114294.76853083796
1552,3155,37,33300.0,3.33,11507.203674316406,0.8225784301757812,0.3455616719013936,596.081081081081,1658.054054054054,0,685639.5981515894,150361.33609840553
1553,10828,12,10800.0,1.08,11473.544311523438,1.8789138793945312,1.062365214029948,1796.6666666666667,669.5833333333334,0,655985.4765299677,114343.76853083796
1554,10628,38,34200.0,3.42,11435.469818115234,0.733154296875,0.3343704625179893,1773.421052631579,760.8421052631579,0,658723.2396878625,115041.1369518906
1555,8831,26,23400.0,2.34,11314.640808105469,1.1860504150390625,0.4835316584660457,1543.576923076923,1416.076923076923,0,678380.2842222755,121936.46083853027
1556,630,40,36000.0,3.6,11309.271240234375,1.1355743408203125,0.31414642333984377,128.4,1125.975,0,669677.2265299677,164391.76853083796
1557,9530,24,21600.0,2.16,11270.599365234375,1.11541748046875,0.5217870076497396,1630.875,1444.9166666666667,0,679245.4765299677,119317.51853083796
1558,8664,29,26100.0,2.61,11269.253540039062,0.7951507568359375,0.4317721662850216,1516.4137931034484,1183.6206896551723,0,671406.5972196229,122751.35473773451
1559,1885,23,20700.0,2.07,11263.561248779297,1.2076568603515625,0.5441333936608356,366.1304347826087,245.56521739130434,0,643264.9330517069,157259.8554873597
1560,3904,13,11700.0,1.17,11221.881866455078,1.92742919921875,0.9591352022611178,714.1538461538462,2038.1538461538462,0,697042.5919145831,146819.15314622258
1561,5307,31,27900.0,2.79,11195.590209960938,0.7930831909179688,0.401275634765625,971.4516129032259,1798.5806451612902,0,689855.3958848064,139100.22014374117
1562,3546,15,13500.0,1.35,11186.959075927734,1.2614517211914062,0.8286636352539063,653.8,1064.8,0,667841.9765299677,148629.76853083796
1563,10051,13,11700.0,1.17,11146.934509277344,1.722198486328125,0.9527294452373798,1701.0,993.0,0,665687.9765299677,117213.76853083796
1564,3103,15,13500.0,1.35,11132.508087158203,1.7384490966796875,0.8246302286783854,587.0666666666667,1161.4666666666667,0,670741.9765299677,150631.76853083796
1565,6182,47,42300.0,4.23,11112.96615600586,0.7421798706054688,0.2627178760285073,1140.5744680851064,1952.7021276595744,0,694479.0403597549,134026.53448828476
1566,1620,12,10800.0,1.08,11078.592681884766,2.2205657958984375,1.025795618693034,306.5833333333333,2085.75,0,698470.4765299677,159046.26853083796
1567,9091,30,27000.0,2.7,11041.273498535156,0.87347412109375,0.4089360555013021,1576.4,2060.866666666667,0,697723.9765299677,120951.76853083796
1568,2167,35,31500.0,3.15,11039.179229736328,0.5997314453125,0.35045013427734373,429.3142857142857,285.0285714285714,0,644448.8336728249,155364.33995940938
1569,9080,45,40500.0,4.05,10994.046020507812,0.5774459838867188,0.27145792643229166,1580.3777777777777,2023.3777777777777,0,696599.3098633011,120832.43519750463
1570,8077,27,24300.0,2.43,10866.522216796875,1.162841796875,0.44718198423032407,1415.4074074074074,1575.111111111111,0,683151.3098633011,125781.54630861574
1571,9640,39,35100.0,3.51,10864.613342285156,0.64373779296875,0.30953314365484774,1645.5128205128206,1996.1538461538462,0,695782.5919145831,118878.38391545333
1572,5583,20,18000.0,1.8,10819.802856445312,1.2382049560546875,0.6011001586914062,1023.9,2159.95,0,700696.4765299677,137526.76853083796
1573,3611,15,13500.0,1.35,10818.113708496094,1.3958358764648438,0.8013417561848958,666.4,2176.0,0,701177.9765299677,148251.76853083796
1574,6177,49,44100.0,4.41,10816.019439697266,0.50714111328125,0.24526121178451848,1138.734693877551,1993.1020408163265,0,695691.0377544576,134081.72771451142
1575,7230,25,22500.0,2.25,10797.823333740234,0.8708648681640625,0.47990325927734373,1289.72,1689.48,0,686582.3765299678,129552.16853083795
1576,2808,39,35100.0,3.51,10787.55111694336,0.60662841796875,0.307337638659355,537.6153846153846,1683.1538461538462,0,686392.5919145831,152115.30699237643
1577,9833,11,9900.0,0.99,10777.285766601562,1.9498443603515625,1.0886147238991477,1670.3636363636363,1209.090909090909,0,672170.703802695,118132.85943992887
1578,10266,13,11700.0,1.17,10773.509216308594,1.975830078125,0.9208127535306491,1730.1538461538462,2292.923076923077,0,704685.66883766,116339.15314622258
1579,8019,29,26100.0,2.61,10770.7763671875,1.039154052734375,0.41267342403017243,1407.0689655172414,1463.655172413793,0,679807.6317023815,126031.69956532071
1580,2146,18,16200.0,1.62,10738.352966308594,1.1563796997070312,0.6628612942165799,419.3333333333333,1124.888888888889,0,669644.6431966344,155663.76853083796
1581,10571,42,37800.0,3.78,10724.990844726562,0.5794525146484375,0.28372991652715773,1767.547619047619,1191.2619047619048,0,671635.8336728249,115217.33995940938
1582,8337,29,26100.0,2.61,10671.727752685547,0.9473342895507812,0.40887845795730066,1460.4137931034484,849.0,0,661367.9765299677,124431.35473773451
1583,1227,54,48600.0,4.86,10620.579528808594,0.5533981323242188,0.2185304429796007,227.37037037037038,1904.851851851852,0,693043.5320855232,161422.65741972683
1584,281,24,21600.0,2.16,10607.965850830078,0.993438720703125,0.49110953013102215,58.0,1456.625,0,679596.7265299677,166503.76853083796
1585,3467,17,15300.0,1.53,10583.23974609375,1.0639877319335938,0.6917150160845589,642.2352941176471,1065.0,0,667847.9765299677,148976.70970730856
1586,5202,40,36000.0,3.6,10564.734649658203,0.7602920532226562,0.29346485137939454,952.85,1279.8,0,674291.9765299677,139658.26853083796
1587,4219,34,30600.0,3.06,10562.757110595703,0.7064361572265625,0.3451881408691406,774.0294117647059,1895.0,0,692747.9765299677,145022.88617789678
1588,5940,42,37800.0,3.78,10492.705535888672,0.519622802734375,0.27758480253673734,1098.547619047619,1240.642857142857,0,673117.2622442534,135287.33995940938
1589,9765,29,26100.0,2.61,10486.903381347656,0.716278076171875,0.40179706441945046,1663.2758620689656,819.3793103448276,0,660479.3558403125,118345.49266876899
1590,9659,36,32400.0,3.24,10480.496978759766,0.8694229125976562,0.32347212897406685,1649.9722222222222,2198.3888888888887,0,701849.6431966344,118744.6018641713
1591,9699,35,31500.0,3.15,10466.056823730469,0.5923309326171875,0.33225577218191965,1652.5714285714287,1497.0285714285715,0,680808.8336728249,118666.62567369509
1592,10684,29,26100.0,2.61,10447.077941894531,0.919189453125,0.40027118551320046,1779.448275862069,854.5862068965517,0,661535.5627368643,114860.32025497589
1593,10991,11,9900.0,0.99,10430.687713623047,1.8226776123046875,1.0536048195578835,1814.8181818181818,178.0909090909091,0,641240.703802695,113799.2230762925
1594,9503,38,34200.0,3.42,10416.934204101562,0.7650299072265625,0.30458871941817434,1628.5526315789473,1816.7368421052631,0,690400.0817931256,119387.18958346953
1595,10605,32,28800.0,2.88,10405.95474243164,0.5547332763671875,0.36131787300109863,1769.625,2308.0,0,705137.9765299677,115155.01853083796
1596,9693,30,27000.0,2.7,10386.900329589844,0.7367935180664062,0.38470001220703126,1653.4333333333334,2091.5333333333333,0,698643.9765299677,118640.76853083796
1597,6484,14,12600.0,1.26,10355.664825439453,1.3159332275390625,0.821878160749163,1179.857142857143,2209.285714285714,0,702176.5479585391,132848.05424512367
1598,6928,37,33300.0,3.33,10353.872680664062,1.1298141479492188,0.31092710752744934,1242.972972972973,95.56756756756756,0,638765.0035569947,130954.57934164877
1599,7704,38,34200.0,3.42,10338.697814941406,0.9399871826171875,0.3023011057000411,1359.7105263157894,1452.0526315789473,0,679459.5554773362,127452.45274136428
1600,3411,24,21600.0,2.16,10274.420928955078,1.2492446899414062,0.47566763559977215,636.5,1504.625,0,681036.7265299677,149148.76853083796
1601,4775,26,23400.0,2.34,10257.776641845703,1.2544021606445312,0.43836652315579927,869.7307692307693,1531.3076923076924,0,681837.2072991985,142151.8454539149
1602,597,17,15300.0,1.53,10226.788330078125,1.4328384399414062,0.6684175379136029,119.29411764705883,2136.764705882353,0,700000.9177064383,164664.94500142618
1603,8100,10,9000.0,0.9,10219.976806640625,2.761383056640625,1.135552978515625,1417.8,1535.9,0,681974.9765299677,125709.76853083796
1604,5193,16,14400.0,1.44,10212.849426269531,1.4972991943359375,0.7092256546020508,947.0625,1784.5,0,689432.9765299677,139831.89353083796
1605,6697,62,55800.0,5.58,10210.384368896484,0.53497314453125,0.18298179872574344,1210.8387096774193,1563.1451612903227,0,682792.3313686774,131918.60724051538
1606,10819,11,9900.0,0.99,10207.933044433594,1.9228363037109375,1.0311043479225852,1794.0,1885.5454545454545,0,692464.3401663314,114423.76853083796
1607,6825,28,25200.0,2.52,10196.184539794922,0.8309402465820312,0.4046104976109096,1224.5357142857142,1874.392857142857,0,692129.7622442534,131507.69710226654
1608,9071,15,13500.0,1.35,10192.593383789062,1.2714996337890625,0.7550069173177083,1573.9333333333334,776.4,0,659189.9765299677,121025.76853083796
1609,1846,35,31500.0,3.15,10155.747985839844,0.5390243530273438,0.3224046979631696,355.9142857142857,2028.2285714285715,0,696744.8336728249,157566.33995940938
1610,3146,30,27000.0,2.7,10155.480194091797,0.7387237548828125,0.37612889607747396,602.2333333333333,836.9333333333333,0,661005.9765299677,150176.76853083796
1611,5701,27,24300.0,2.43,10155.329132080078,1.2001724243164062,0.4179147790979456,1047.2962962962963,1991.2592592592594,0,695635.7543077455,136824.87964194908
1612,9824,15,13500.0,1.35,10134.551239013672,1.3247528076171875,0.750707499186198,1668.2,2242.266666666667,0,703165.9765299677,118197.76853083796
1613,6931,51,45900.0,4.59,10074.984741210938,0.5573577880859375,0.21949857823988972,1243.0196078431372,1238.2549019607843,0,673045.6235887912,130953.18029554383
1614,8458,16,14400.0,1.44,10060.771179199219,1.1558837890625,0.698664665222168,1477.0625,1332.125,0,675861.7265299677,123931.89353083796
1615,2633,23,20700.0,2.07,10000.236511230469,1.1649246215820312,0.4831032131029212,507.2173913043478,1494.7826086956522,0,680741.4547908374,153027.24679170753
1616,10707,21,18900.0,1.89,9980.790710449219,1.1456146240234375,0.5280841645740327,1782.2380952380952,863.4285714285714,0,661800.8336728249,114776.6256736951
1617,5288,35,31500.0,3.15,9974.610900878906,0.5395965576171875,0.31665431431361607,964.8857142857142,907.7714285714286,0,663131.1193871106,139297.19710226654
1618,3593,19,17100.0,1.71,9967.737579345703,1.613311767578125,0.5829086303710938,664.578947368421,1537.421052631579,0,682020.6081089152,148306.40010978532
1619,3484,28,25200.0,2.52,9932.711791992188,1.147430419921875,0.3941552298409598,645.8928571428571,1431.142857142857,0,678832.2622442534,148866.98281655225
1620,2,31,27900.0,2.79,9925.508880615234,0.5840988159179688,0.3557530064736643,3.5161290322580645,2175.516129032258,1,701163.4604009355,168138.28465987023
1621,9303,11,9900.0,0.99,9912.503814697266,2.1254653930664062,1.0012630115855823,1602.0,909.0,0,663167.9765299677,120183.76853083796
1622,9542,36,32400.0,3.24,9904.964447021484,0.5628433227539062,0.30570877922905815,1633.9444444444443,1022.8333333333334,0,666582.9765299677,119225.43519750463
1623,4665,11,9900.0,0.99,9880.691528320312,2.5376129150390625,0.9980496493252841,847.6363636363636,1387.4545454545455,0,677521.6128936041,142814.67762174705
1624,11103,12,10800.0,1.08,9850.410461425781,1.3551483154296875,0.9120750427246094,1829.5,1323.25,0,675595.4765299677,113358.76853083796
1625,7041,26,23400.0,2.34,9835.32485961914,1.1267929077148438,0.4203130281888522,1263.9615384615386,1360.8461538461538,0,676723.3611453524,130324.9223769918
1626,9448,17,15300.0,1.53,9824.647521972656,1.1752853393554688,0.6421338249655331,1619.7058823529412,870.0588235294117,0,661999.7412358501,119652.59206024972
1627,1757,20,18000.0,1.8,9776.362609863281,1.0963592529296875,0.5431312561035156,333.75,2098.6,0,698855.9765299677,158231.26853083796
1628,3559,27,24300.0,2.43,9732.09457397461,0.7093582153320312,0.4004977190936053,656.1481481481482,1615.851851851852,0,684373.5320855232,148559.32408639352
1629,1582,27,24300.0,2.43,9725.68130493164,0.7625274658203125,0.40023379855685765,299.55555555555554,1114.148148148148,0,669322.4209744122,159257.1018641713
1630,10525,16,14400.0,1.44,9724.98779296875,1.286529541015625,0.6753463745117188,1759.375,809.8125,0,660192.3515299677,115462.51853083796
1631,2439,37,33300.0,3.33,9724.060821533203,0.56494140625,0.2920138384844806,478.5135135135135,1495.2432432432433,0,680755.273827265,153888.36312543254
1632,9930,21,18900.0,1.89,9666.57485961914,0.8957595825195312,0.511458987281436,1685.4761904761904,854.2857142857143,0,661526.5479585392,117679.48281655225
1633,8067,15,13500.0,1.35,9611.087036132812,1.9268646240234375,0.711932373046875,1413.5333333333333,1119.2666666666667,0,669475.9765299677,125837.76853083796
1634,3557,43,38700.0,3.87,9598.64501953125,0.5690536499023438,0.2480270030886628,658.3720930232558,1474.1627906976744,0,680122.8602508979,148492.60574014028
1635,9059,24,21600.0,2.16,9530.93490600586,1.0851669311523438,0.44124698638916016,1576.25,829.875,0,660794.2265299677,120956.26853083796
1636,1353,26,23400.0,2.34,9524.658966064453,0.9114608764648438,0.40703670795147234,250.53846153846155,1938.8846153846155,0,694064.5149915062,160727.61468468411
1637,3022,17,15300.0,1.53,9503.633880615234,1.6006317138671875,0.621152541216682,573.5882352941177,1532.1176470588234,0,681861.5059417324,151036.12147201443
1638,1422,28,25200.0,2.52,9482.897186279297,0.7597122192382812,0.3763054438999721,265.14285714285717,2153.8928571428573,0,700514.7622442534,160289.48281655225
1639,10914,28,25200.0,2.52,9473.998260498047,0.52996826171875,0.37595231192452566,1807.6785714285713,161.32142857142858,0,640737.6193871106,114013.41138798083
1640,6905,20,18000.0,1.8,9438.237762451172,1.2642288208007812,0.5243465423583984,1235.75,1883.25,0,692395.4765299677,131171.26853083796
1641,7533,15,13500.0,1.35,9436.459350585938,1.129180908203125,0.6989969889322917,1330.6,892.6,0,662675.9765299677,128325.76853083796
1642,9360,13,11700.0,1.17,9434.632873535156,2.138458251953125,0.8063788780799279,1608.0,2237.6153846153848,0,703026.4380684292,120003.76853083796
1643,2983,13,11700.0,1.17,9405.25131225586,1.7959213256835938,0.8038676335261419,567.6923076923077,1424.5384615384614,0,678634.1303761216,151212.99930006874
1644,4402,10,9000.0,0.9,9395.157623291016,1.8690414428710938,1.0439064025878906,800.5,2146.1,0,700280.9765299677,144228.76853083796
1645,4629,45,40500.0,4.05,9366.126251220703,0.8356170654296875,0.2312623765733507,846.2888888888889,1451.4666666666667,0,679441.9765299677,142855.1018641713
1646,11039,22,19800.0,1.98,9340.988159179688,0.8459320068359375,0.47176707874644885,1821.3636363636363,1224.0,0,672617.9765299677,113602.85943992887
1647,6857,21,18900.0,1.89,9317.415618896484,1.6508407592773438,0.49298495338076637,1234.1904761904761,99.66666666666667,0,638887.9765299677,131218.05424512367
1648,7851,26,23400.0,2.34,9290.574645996094,0.7530364990234375,0.3970331045297476,1380.6923076923076,1557.4615384615386,0,682621.8226838139,126822.99930006874
1649,1623,18,16200.0,1.62,9286.152648925781,1.2611160278320312,0.5732192993164062,307.3888888888889,1748.0555555555557,0,688339.6431966344,159022.1018641713
1650,10885,29,26100.0,2.61,9260.719299316406,0.541015625,0.35481683139143316,1803.9655172413793,1662.1379310344828,0,685762.1144610022,114124.80301359658
1651,8453,38,34200.0,3.42,9222.129821777344,0.6013641357421875,0.2696529187654194,1476.1052631578948,1303.7105263157894,0,675009.2923194414,123960.6106361011
1652,3533,15,13500.0,1.35,9209.550476074219,1.2381362915039062,0.6821889241536458,651.7333333333333,1486.6,0,680495.9765299677,148691.76853083796
1653,3098,26,23400.0,2.34,9204.771423339844,0.7570648193359375,0.3933663001427284,587.4230769230769,1225.2692307692307,0,672656.0534530446,150621.07622314565
1654,6361,18,16200.0,1.62,9173.673248291016,0.7864761352539062,0.566276126437717,1165.7777777777778,1979.2777777777778,0,695276.3098633011,133270.43519750462
1655,66,40,36000.0,3.6,9159.102630615234,0.5053176879882812,0.25441951751708985,14.35,1108.225,0,669144.7265299677,167813.26853083796
1656,485,10,9000.0,0.9,9104.644775390625,2.3037033081054688,1.011627197265625,97.0,1996.5,0,695792.9765299677,165333.76853083796
1657,124,48,43200.0,4.32,9035.348510742188,0.5102386474609375,0.2091515858968099,28.145833333333332,1404.1875,0,678023.6015299677,167399.39353083796
1658,2795,10,9000.0,0.9,9032.84912109375,1.98895263671875,1.00364990234375,535.5,99.5,0,638882.9765299677,152178.76853083796
1659,8480,31,27900.0,2.79,9009.201049804688,0.5690078735351562,0.3229104318926411,1479.7096774193549,1120.1290322580646,0,669501.8474977097,123852.47820825732
1660,4808,25,22500.0,2.25,8963.971710205078,1.1957015991210938,0.39839874267578124,876.72,65.08,0,637850.3765299678,141942.16853083795
1661,8243,16,14400.0,1.44,8922.196197509766,1.5122909545898438,0.6195969581604004,1442.0,841.0,0,661127.9765299677,124983.76853083796
1662,8328,12,10800.0,1.08,8896.61865234375,1.9474029541015625,0.823760986328125,1454.3333333333333,1564.25,0,682825.4765299677,124613.76853083796
1663,1708,25,22500.0,2.25,8882.219696044922,0.6906051635742188,0.39476531982421875,325.0,1164.84,0,670843.1765299677,158493.76853083796
1664,1066,15,13500.0,1.35,8837.443542480469,1.2908782958984375,0.6546254475911458,197.26666666666668,1486.3333333333333,0,680487.9765299677,162325.76853083796
1665,605,34,30600.0,3.06,8832.403564453125,0.552764892578125,0.28864063936121326,122.29411764705883,2165.176470588235,0,700853.2706476148,164574.94500142618
1666,10395,30,27000.0,2.7,8830.563354492188,0.807403564453125,0.32705790201822915,1747.1333333333334,757.9,0,658634.9765299677,115829.76853083796
1667,6947,19,17100.0,1.71,8805.569458007812,0.8283843994140625,0.5149455823396382,1245.5263157894738,1352.8947368421052,0,676484.8186352309,130877.97905715375
1668,9584,12,10800.0,1.08,8708.285522460938,1.2601470947265625,0.8063227335611979,1636.4166666666667,2133.9166666666665,0,699915.4765299677,119151.26853083796
1669,5999,40,36000.0,3.6,8694.600677490234,0.5550689697265625,0.24151668548583985,1111.35,1840.5,0,691112.9765299677,134903.26853083796
1670,2873,10,9000.0,0.9,8686.381530761719,1.8316802978515625,0.9651535034179688,551.0,51.0,0,637427.9765299677,151713.76853083796
1671,7875,10,9000.0,0.9,8653.971862792969,2.0884475708007812,0.9615524291992188,1382.5,1690.4,0,686609.9765299677,126768.76853083796
1672,4547,15,13500.0,1.35,8637.588500976562,0.9536056518554688,0.6398213704427084,826.2666666666667,1471.6666666666667,0,680047.9765299677,143455.76853083796
1673,8451,36,32400.0,3.24,8635.707092285156,0.5389862060546875,0.26653416951497394,1473.9444444444443,1256.1666666666667,0,673582.9765299677,124025.43519750463
1674,9606,25,22500.0,2.25,8628.105926513672,0.8041534423828125,0.38347137451171875,1643.28,2325.44,0,705661.1765299677,118945.36853083796
1675,4143,19,17100.0,1.71,8627.439880371094,1.3035202026367188,0.5045286479749178,756.421052631579,1852.578947368421,0,691475.3449510203,145551.1369518906
1676,6184,29,26100.0,2.61,8591.404724121094,0.62939453125,0.32917259479391164,1136.8275862068965,2212.9310344827586,0,702285.9075644505,134138.94094463106
1677,1011,23,20700.0,2.07,8581.352233886719,0.8907699584960938,0.4145580789317255,191.17391304347825,1455.7391304347825,0,679570.1504430112,162508.5511395336
1678,3785,12,10800.0,1.08,8555.012512207031,1.37457275390625,0.7921307881673177,690.9166666666666,2014.0,0,696317.9765299677,147516.26853083796
1679,3030,30,27000.0,2.7,8548.777770996094,0.5892105102539062,0.31662139892578123,574.3333333333334,2224.866666666667,0,702643.9765299677,151013.76853083796
1680,7243,39,35100.0,3.51,8546.381378173828,0.6084060668945312,0.2434866489508213,1292.820512820513,1697.3589743589744,0,686818.745760737,129459.15314622257
1681,10090,39,35100.0,3.51,8477.078247070312,0.547332763671875,0.24151220077123398,1709.4615384615386,1417.5128205128206,0,678423.3611453524,116959.9223769918
1682,9630,12,10800.0,1.08,8471.571350097656,1.3203582763671875,0.7844047546386719,1643.0833333333333,1294.6666666666667,0,674737.9765299677,118951.26853083796
1683,9412,18,16200.0,1.62,8466.819763183594,0.993194580078125,0.5226431952582465,1615.888888888889,2247.1666666666665,0,703312.9765299677,119767.1018641713
1684,974,20,18000.0,1.8,8466.256713867188,0.8063583374023438,0.47034759521484376,180.85,1369.15,0,676972.4765299677,162818.26853083796
1685,4015,16,14400.0,1.44,8459.788513183594,1.2025604248046875,0.5874853134155273,736.5625,1129.4375,0,669781.1015299677,146146.89353083796
1686,3632,21,18900.0,1.89,8458.88900756836,0.7466049194335938,0.44756026495070683,670.4285714285714,1569.047619047619,0,682969.4051013963,148130.9113879808
1687,3510,10,9000.0,0.9,8443.755340576172,1.7687911987304688,0.9381950378417969,647.8,1074.0,0,668117.9765299677,148809.76853083796
1688,9886,31,27900.0,2.79,8432.597351074219,0.5627899169921875,0.30224363265498994,1678.516129032258,1200.0645161290322,0,671899.9120138388,117888.28465987022
1689,3330,26,23400.0,2.34,8430.46875,0.8583984375,0.3602764423076923,622.0,1568.5384615384614,0,682954.1303761216,149583.76853083796
1690,9846,16,14400.0,1.44,8427.50244140625,1.1402587890625,0.5852432250976562,1673.5625,1312.5,0,675272.9765299677,118036.89353083796
1691,10167,21,18900.0,1.89,8353.907775878906,0.73016357421875,0.44200570242745535,1719.142857142857,1792.4285714285713,0,689670.8336728249,116669.48281655225
1692,7140,19,17100.0,1.71,8304.132843017578,1.15478515625,0.4856218036852385,1276.1052631578948,1652.6315789473683,0,685476.9238983887,129960.6106361011
1693,7547,17,15300.0,1.53,8300.198364257812,0.9035720825195312,0.5424966251148897,1333.764705882353,1592.5294117647059,0,683673.858882909,128230.82735436737
1694,3742,12,10800.0,1.08,8265.392303466797,1.1157913208007812,0.7653141021728516,686.25,1863.5,0,691802.9765299677,147656.26853083796
1695,4781,36,32400.0,3.24,8258.979034423828,0.5210800170898438,0.2549067603217231,869.4166666666666,2159.8333333333335,0,700692.9765299677,142161.26853083796
1696,4495,18,16200.0,1.62,8236.518859863281,0.8021087646484375,0.5084270901150174,818.2777777777778,1556.4444444444443,0,682591.3098633011,143695.43519750462
1697,10879,29,26100.0,2.61,8212.966918945312,0.5295867919921875,0.31467306202855605,1802.1379310344828,1245.1379310344828,0,673252.1144610022,114179.63059980347
1698,9206,29,26100.0,2.61,8209.156036376953,0.6351089477539062,0.3145270512021821,1591.551724137931,2272.4137931034484,0,704070.3903230712,120497.21680670003
1699,4964,36,32400.0,3.24,8183.475494384766,0.612548828125,0.25257640414767796,906.8888888888889,11.11111111111111,0,636231.3098633011,141037.1018641713
1700,6852,40,36000.0,3.6,8141.912841796875,0.73699951171875,0.22616424560546874,1232.7,1902.025,0,692958.7265299677,131262.76853083796
1701,3107,15,13500.0,1.35,8129.821014404297,1.362457275390625,0.602208964029948,588.8666666666667,2328.0666666666666,0,705739.9765299677,150577.76853083796
1702,8348,21,18900.0,1.89,8122.4395751953125,0.874755859375,0.4297587076822917,1458.0,1450.5238095238096,0,679413.690815682,124503.76853083796
1703,10642,11,9900.0,0.99,8073.152160644531,1.3355560302734375,0.8154699152166193,1772.909090909091,1903.1818181818182,0,692993.4310754223,115056.49580356522
1704,10709,23,20700.0,2.07,8057.771301269531,0.782806396484375,0.3892643140709918,1781.391304347826,1173.608695652174,0,671106.2373995329,114802.02940040317
1705,1698,19,17100.0,1.71,8044.450378417969,0.774749755859375,0.47043569464432566,322.7894736842105,1054.3157894736842,0,667527.4502141783,158560.08432031164
1706,306,23,20700.0,2.07,8017.870330810547,0.685516357421875,0.38733673095703125,64.56521739130434,182.82608695652175,0,641382.7591386634,166306.81200909882
1707,9136,30,27000.0,2.7,7997.5799560546875,0.5290908813476562,0.2962066650390625,1584.4666666666667,589.2333333333333,0,653574.9765299677,120709.76853083796
1708,9455,31,27900.0,2.79,7994.1192626953125,0.5549163818359375,0.28652757213961694,1621.6129032258063,1334.9032258064517,0,675945.0733041613,119595.38143406378
1709,2244,10,9000.0,0.9,7977.790832519531,1.5611724853515625,0.8864212036132812,439.7,84.8,0,638441.9765299677,155052.76853083796
1710,748,11,9900.0,0.99,7961.386871337891,1.4316558837890625,0.8041804920543324,145.54545454545453,292.1818181818182,0,644663.4310754223,163877.4048944743
1711,5572,12,10800.0,1.08,7958.921813964844,1.3396759033203125,0.7369372049967448,1024.75,11.416666666666666,0,636240.4765299677,137501.26853083796
1712,10699,31,27900.0,2.79,7955.241394042969,0.55889892578125,0.28513410014490925,1781.741935483871,1188.032258064516,0,671538.9442719033,114791.51046632184
1713,926,27,24300.0,2.43,7952.790069580078,0.6169662475585938,0.327275311505353,177.77777777777777,1398.3333333333333,0,677847.9765299677,162910.43519750462
1714,7837,18,16200.0,1.62,7938.761901855469,1.04144287109375,0.49004703097873265,1377.7777777777778,1460.6666666666667,0,679717.9765299677,126910.43519750462
1715,2848,24,21600.0,2.16,7926.079559326172,0.6723556518554688,0.36694812774658203,546.5416666666666,1559.9583333333333,0,682696.7265299677,151847.51853083796
1716,5594,29,26100.0,2.61,7900.762939453125,0.508026123046875,0.3027112237338362,1025.7931034482758,1932.1379310344828,0,693862.1144610022,137469.97542738967
1717,1071,10,9000.0,0.9,7869.005584716797,2.2645263671875,0.8743339538574219,199.2,1917.4,0,693419.9765299677,162267.76853083796
1718,3875,12,10800.0,1.08,7829.5440673828125,1.6233749389648438,0.7249577840169271,707.9166666666666,1535.0833333333333,0,681950.4765299677,147006.26853083796
1719,411,11,9900.0,0.99,7820.054626464844,1.27880859375,0.7899045077237216,82.81818181818181,273.6363636363636,0,644107.0674390587,165759.22307629252
1720,1937,19,17100.0,1.71,7811.327362060547,1.1043014526367188,0.4568027697111431,378.7894736842105,802.3157894736842,0,659967.4502141783,156880.08432031164
1721,1006,37,33300.0,3.33,7764.250946044922,0.5074691772460938,0.23316068907041806,187.1891891891892,2121.054054054054,0,699529.5981515894,162628.09285516228
1722,7941,15,13500.0,1.35,7746.274566650391,1.0625534057617188,0.5737981160481771,1391.5333333333333,1605.2,0,684053.9765299677,126497.76853083796
1723,10944,35,31500.0,3.15,7738.4674072265625,0.8906097412109375,0.24566563197544644,1811.7714285714285,1872.4285714285713,0,692070.8336728249,113890.6256736951
1724,5355,29,26100.0,2.61,7718.410491943359,0.51971435546875,0.2957245399212015,982.8275862068965,1969.0344827586207,0,694969.0110127263,138758.94094463106
1725,6309,19,17100.0,1.71,7710.809326171875,0.7139129638671875,0.45092452199835525,1160.842105263158,1473.0526315789473,0,680089.5554773362,133418.5053729432
1726,3813,16,14400.0,1.44,7658.404541015625,1.380157470703125,0.5318336486816406,697.25,1578.5625,0,683254.8515299677,147326.26853083796
1727,8217,11,9900.0,0.99,7634.021759033203,1.73016357421875,0.7711133089932528,1435.1818181818182,2069.3636363636365,0,697978.8856208768,125188.31398538341
1728,9705,24,21600.0,2.16,7614.967346191406,0.7251434326171875,0.35254478454589844,1653.3333333333333,1123.875,0,669614.2265299677,118643.76853083796
1729,3473,30,27000.0,2.7,7564.1693115234375,0.68731689453125,0.2801544189453125,643.8,2130.4666666666667,0,699811.9765299677,148929.76853083796
1730,6398,19,17100.0,1.71,7557.419586181641,1.8051681518554688,0.44195436176500824,1168.578947368421,1876.6842105263158,0,692198.5028457572,133186.40010978532
1731,10157,10,9000.0,0.9,7551.226043701172,1.7696456909179688,0.8390251159667969,1716.0,2293.5,0,704702.9765299677,116763.76853083796
1732,5853,23,20700.0,2.07,7539.2303466796875,0.6632156372070312,0.36421402640964673,1077.6521739130435,1995.8695652173913,0,695774.0634864895,135914.20331344666
1733,1201,12,10800.0,1.08,7499.4049072265625,1.4157028198242188,0.6943893432617188,220.5,1758.25,0,688645.4765299677,161628.76853083796
1734,7356,15,13500.0,1.35,7491.398620605469,1.3442306518554688,0.5549184163411458,1306.6,1956.1333333333334,0,694581.9765299677,129045.76853083796
1735,3342,10,9000.0,0.9,7484.5184326171875,2.1091995239257812,0.8316131591796875,622.7,1207.0,0,672107.9765299677,149562.76853083796
1736,8040,21,18900.0,1.89,7455.274200439453,0.8416366577148438,0.39445895240420387,1411.8095238095239,882.047619047619,0,662359.4051013963,125889.48281655225
1737,2569,23,20700.0,2.07,7437.050628662109,0.5764083862304688,0.359277808147928,497.95652173913044,1483.6521739130435,0,680407.5417473591,153305.07287866404
1738,2116,15,13500.0,1.35,7436.089324951172,0.9794692993164062,0.5508214314778646,412.1333333333333,1974.1333333333334,0,695121.9765299677,155879.76853083796
1739,8556,13,11700.0,1.17,7422.837066650391,1.0696868896484375,0.6344305185171274,1490.6923076923076,2340.4615384615386,1,706111.8226838139,123522.99930006874
1740,5849,20,18000.0,1.8,7415.1397705078125,0.6351699829101562,0.41195220947265626,1077.25,1242.8,0,673181.9765299677,135926.26853083796
1741,2319,30,27000.0,2.7,7414.398193359375,0.6630401611328125,0.2746073404947917,456.8,1983.3333333333333,0,695397.9765299677,154539.76853083796
1742,6250,17,15300.0,1.53,7413.526153564453,0.8536758422851562,0.48454419304342833,1150.9411764705883,1465.8823529411766,0,679874.447118203,133715.5332367203
1743,5383,18,16200.0,1.62,7413.265228271484,1.0692138671875,0.4576089647081163,986.4444444444445,1947.9444444444443,0,694336.3098633011,138650.43519750462
1744,2000,32,28800.0,2.88,7406.117248535156,0.5661239624023438,0.2571568489074707,386.59375,2227.40625,0,702720.1640299677,156645.95603083796
1745,1279,16,14400.0,1.44,7403.940582275391,0.9714508056640625,0.514162540435791,239.875,772.5625,0,659074.8515299677,161047.51853083796
1746,6421,15,13500.0,1.35,7375.252532958984,2.7581710815429688,0.5463150024414063,1171.2666666666667,1863.0666666666666,0,691789.9765299677,133105.76853083796
1747,6678,24,21600.0,2.16,7357.65380859375,0.9105453491210938,0.3406321207682292,1208.125,1823.5416666666667,0,690604.2265299677,132000.01853083796
1748,7914,22,19800.0,1.98,7356.644439697266,0.7427444458007812,0.3715476989746094,1389.0454545454545,1900.3181818181818,0,692907.5219845132,126572.40489447433
1749,5462,13,11700.0,1.17,7323.355865478516,1.08258056640625,0.6259278517503005,1000.1538461538462,1556.3076923076924,0,682587.2072991985,138239.15314622258
1750,7542,17,15300.0,1.53,7280.928039550781,1.045501708984375,0.47587764964384194,1332.6470588235295,1615.4117647058824,0,684360.3294711442,128264.35676613207
1751,2749,16,14400.0,1.44,7246.424102783203,1.02911376953125,0.5032238960266113,526.375,1406.125,0,678081.7265299677,152452.51853083796
1752,742,34,30600.0,3.06,7223.359680175781,0.60943603515625,0.23605750588809743,144.8235294117647,2233.5882352941176,0,702905.6235887912,163899.062648485
1753,1438,24,21600.0,2.16,7218.244171142578,0.58331298828125,0.33417797088623047,268.2916666666667,2169.2083333333335,0,700974.2265299677,160195.01853083796
1754,3353,23,20700.0,2.07,7207.099914550781,0.7125015258789062,0.34816907799762226,625.9565217391304,1665.0,0,685847.9765299677,149465.07287866404
1755,1231,15,13500.0,1.35,7195.145416259766,0.9232940673828125,0.5329737345377604,229.2,769.7333333333333,0,658989.9765299677,161367.76853083796
1756,8444,17,15300.0,1.53,7191.265869140625,0.6905975341796875,0.4700173770680147,1470.2941176470588,1409.2941176470588,0,678176.8000593795,124134.9450014262
1757,4834,28,25200.0,2.52,7189.144134521484,0.5259323120117188,0.2852834974016462,880.5357142857143,1330.142857142857,0,675802.2622442534,141827.69710226654
1758,5961,25,22500.0,2.25,7184.282684326172,0.5512542724609375,0.3193014526367188,1100.6,1823.96,0,690616.7765299678,135225.76853083796
1759,4856,21,18900.0,1.89,7177.320098876953,0.6700286865234375,0.3797523861839658,883.3333333333334,1535.857142857143,0,681973.690815682,141743.76853083796
1760,4684,12,10800.0,1.08,7133.3404541015625,1.470489501953125,0.6604944864908854,851.8333333333334,2172.0833333333335,0,701060.4765299677,142688.76853083796
1761,2963,21,18900.0,1.89,7112.590026855469,0.8277587890625,0.3763275146484375,563.6666666666666,1659.3333333333333,0,685677.9765299677,151333.76853083796
1762,189,31,27900.0,2.79,7093.975067138672,0.5339126586914062,0.25426433932396675,37.12903225806452,2218.064516129032,0,702439.9120138388,167129.89756309602
1763,8284,21,18900.0,1.89,7056.978607177734,0.7818374633789062,0.37338511149088544,1445.7142857142858,1515.047619047619,0,681349.4051013963,124872.33995940938
1764,2238,17,15300.0,1.53,7055.165863037109,1.0805892944335938,0.46112195183249083,438.47058823529414,1991.7058823529412,0,695649.1530005559,155089.65088377913
1765,11028,19,17100.0,1.71,7053.717041015625,0.765350341796875,0.41249807257401316,1820.0526315789473,1028.421052631579,0,666750.6081089152,113642.18958346953
1766,7274,27,24300.0,2.43,7039.922332763672,0.5018081665039062,0.28970873797381363,1297.148148148148,840.074074074074,0,661100.19875219,129329.32408639352
1767,113,16,14400.0,1.44,7038.2537841796875,0.9449234008789062,0.4887676239013672,22.6875,1446.4375,0,679291.1015299677,167563.14353083796
1768,10527,31,27900.0,2.79,7013.78173828125,0.6345062255859375,0.25139002646169356,1762.483870967742,1131.4516129032259,0,669841.5249170645,115369.2524018057
1769,10935,27,24300.0,2.43,6977.561187744141,0.631744384765625,0.28714243570963544,1808.3333333333333,2082.814814814815,0,698382.4209744122,113993.76853083796
1770,7683,14,12600.0,1.26,6926.996612548828,1.3053512573242188,0.5497616359165737,1354.5714285714287,1078.857142857143,0,668263.690815682,127606.62567369509
1771,9971,24,21600.0,2.16,6887.3016357421875,0.9771881103515625,0.31885655721028644,1691.6666666666667,1285.3333333333333,0,674457.9765299677,117493.76853083796
1772,3329,27,24300.0,2.43,6880.3802490234375,0.554840087890625,0.2831432201244213,620.8148148148148,2124.4814814814813,0,699632.4209744122,149619.32408639352
1773,4189,20,18000.0,1.8,6878.491973876953,0.7735595703125,0.3821384429931641,765.35,2112.5,0,699272.9765299677,145283.26853083796
1774,183,17,15300.0,1.53,6874.797821044922,0.9175033569335938,0.44933319091796875,34.88235294117647,2140.9411764705883,0,700126.2118240853,167197.29794260266
1775,6286,17,15300.0,1.53,6861.449432373047,0.8433685302734375,0.44846074721392465,1154.6470588235295,1301.8235294117646,0,674952.6824123206,133604.35676613206
1776,9123,28,25200.0,2.52,6859.513092041016,0.6700515747070312,0.2722029004778181,1579.5714285714287,2152.285714285714,0,700466.5479585392,120856.62567369509
1777,831,21,18900.0,1.89,6807.664489746094,0.6656112670898438,0.3601938883463542,159.47619047619048,2190.1428571428573,0,701602.2622442534,163459.48281655225
1778,10553,29,26100.0,2.61,6764.131164550781,0.60150146484375,0.2591621135843211,1764.0344827586207,1212.7241379310344,0,672279.7006678988,115322.73404807934
1779,2463,14,12600.0,1.26,6761.652374267578,0.9791641235351562,0.5366390773228237,481.7857142857143,1480.4285714285713,0,680310.8336728249,153790.19710226654
1780,6464,18,16200.0,1.62,6745.351409912109,0.6095504760742188,0.4163797166612413,1177.3333333333333,2280.777777777778,0,704321.3098633011,132923.76853083796
1781,1146,11,9900.0,0.99,6736.006164550781,1.1395645141601562,0.6804046630859375,211.36363636363637,1477.909090909091,0,680235.2492572404,161902.85943992887
1782,6836,24,21600.0,2.16,6733.973693847656,0.5593490600585938,0.31175804138183594,1225.8333333333333,1990.9583333333333,0,695626.7265299677,131468.76853083796
1783,10465,17,15300.0,1.53,6717.713928222656,0.8824386596679688,0.43906626981847424,1753.1764705882354,815.2941176470588,0,660356.8000593795,115648.4744131909
1784,6843,51,45900.0,4.59,6669.010162353516,0.61322021484375,0.1452943390490962,1230.4705882352941,2239.156862745098,0,703072.6824123206,131329.65088377913
1785,10563,17,15300.0,1.53,6640.974426269531,0.6796112060546875,0.4340506160960478,1765.5882352941176,956.7647058823529,0,664600.9177064383,115276.12147201443
1786,6551,31,27900.0,2.79,6623.3551025390625,0.5818023681640625,0.237396240234375,1190.6774193548388,1481.3548387096773,0,680338.621691258,132523.4459501928
1787,1271,22,19800.0,1.98,6599.713897705078,0.6758041381835938,0.3333188837224787,236.8181818181818,1911.6363636363637,0,693247.0674390587,161139.22307629252
1788,6865,22,19800.0,1.98,6564.784240722656,0.6749420166015625,0.3315547596324574,1231.6363636363637,1852.0,0,691457.9765299677,131294.67762174705
1789,1516,13,11700.0,1.17,6560.801696777344,1.0072784423828125,0.5607522817758414,285.0,2095.230769230769,0,698754.8996068909,159693.76853083796
1790,10103,21,18900.0,1.89,6518.119812011719,0.5505599975585938,0.3448740641276042,1707.1904761904761,2223.6190476190477,0,702606.5479585392,117028.05424512367
1791,2389,24,21600.0,2.16,6513.02490234375,0.94287109375,0.3015289306640625,472.0,8.416666666666666,0,636150.4765299677,154083.76853083796
1792,999,25,22500.0,2.25,6509.557342529297,0.507293701171875,0.28931365966796874,186.08,1932.2,0,693863.9765299677,162661.36853083796
1793,1140,18,16200.0,1.62,6506.961822509766,0.602783203125,0.401664310031467,211.33333333333334,744.8888888888889,0,658244.6431966344,161903.76853083796
1794,6277,30,27000.0,2.7,6481.178283691406,0.6577682495117188,0.24004364013671875,1154.8333333333333,1408.5333333333333,0,678153.9765299677,133598.76853083796
1795,9358,12,10800.0,1.08,6480.340576171875,1.1773223876953125,0.6000315348307291,1608.8333333333333,1912.5833333333333,0,693275.4765299677,119978.76853083796
1796,8737,27,24300.0,2.43,6449.949645996094,0.5245285034179688,0.2654300265842014,1528.5925925925926,1006.8148148148148,0,666102.4209744122,122385.99075306018
1797,2048,29,26100.0,2.61,6436.882781982422,0.5108489990234375,0.24662386137863684,400.58620689655174,1749.4827586206898,0,688382.4592885885,156226.1823239414
1798,1262,21,18900.0,1.89,6416.571807861328,0.6369705200195312,0.3395011538550967,233.0,1713.095238095238,0,687290.8336728249,161253.76853083796
1799,2740,28,25200.0,2.52,6402.550506591797,0.5208740234375,0.2540694645472935,526.5714285714286,2303.5714285714284,0,705005.1193871106,152446.6256736951
1800,5813,22,19800.0,1.98,6365.416717529297,0.5168533325195312,0.32148569280450995,1067.7727272727273,2088.8636363636365,0,698563.8856208768,136210.58671265614
1801,569,18,16200.0,1.62,6347.5982666015625,0.938446044921875,0.3918270534939236,114.11111111111111,1513.888888888889,0,681314.6431966344,164820.43519750462
1802,3110,10,9000.0,0.9,6346.039581298828,1.4148178100585938,0.7051155090332031,587.7,1555.1,0,682550.9765299677,150612.76853083796
1803,1040,14,12600.0,1.26,6340.903472900391,0.9349899291992188,0.5032463073730469,191.78571428571428,1377.2142857142858,0,677214.4051013963,162490.19710226654
1804,1282,21,18900.0,1.89,6318.7042236328125,0.5687789916992188,0.3343229747953869,236.8095238095238,1904.5714285714287,0,693035.1193871106,161139.48281655225
1805,8312,19,17100.0,1.71,6310.546875,0.5949325561523438,0.3690378289473684,1453.4736842105262,743.5263157894736,0,658203.7660036519,124639.55800452217
1806,3900,36,32400.0,3.24,6277.519226074219,0.58856201171875,0.19375059339735243,717.5,1554.888888888889,0,682544.6431966344,146718.76853083796
1807,1362,16,14400.0,1.44,6277.326965332031,0.6627120971679688,0.4359254837036133,251.3125,2092.5625,0,698674.8515299677,160704.39353083796
1808,3258,16,14400.0,1.44,6271.456146240234,1.047698974609375,0.4355177879333496,609.8125,1547.25,0,682315.4765299677,149949.39353083796
1809,8211,13,11700.0,1.17,6269.451141357422,1.0610275268554688,0.5358505249023438,1434.4615384615386,1670.5384615384614,0,686014.1303761216,125209.9223769918
1810,6144,11,9900.0,0.99,6257.530975341797,1.1073455810546875,0.6320738358931108,1129.8181818181818,2016.5454545454545,0,696394.3401663314,134349.2230762925
1811,4766,14,12600.0,1.26,6236.4990234375,0.877349853515625,0.49496023995535715,866.0714285714286,1434.5714285714287,0,678935.1193871106,142261.62567369512
1812,8143,15,13500.0,1.35,6232.090759277344,0.9821624755859375,0.4616363525390625,1424.0666666666666,1431.6666666666667,0,678847.9765299677,125521.76853083796
1813,8598,18,16200.0,1.62,6218.364715576172,0.8790435791015625,0.38384967380099827,1502.1666666666667,1043.2777777777778,0,667196.3098633011,123178.76853083796
1814,139,21,18900.0,1.89,6194.682312011719,0.6291275024414062,0.32776096888950895,28.19047619047619,1096.7142857142858,0,668799.4051013963,167398.05424512367
1815,9410,18,16200.0,1.62,6148.5809326171875,0.8751220703125,0.3795420328776042,1615.5555555555557,1292.7777777777778,0,674681.3098633011,119777.10186417129
1816,8862,18,16200.0,1.62,6147.7020263671875,0.65380859375,0.3794877794053819,1547.111111111111,2144.8333333333335,0,700242.9765299677,121830.43519750462
1817,4070,16,14400.0,1.44,6140.986633300781,0.7467727661132812,0.42645740509033203,747.25,1514.625,0,681336.7265299677,145826.26853083796
1818,4868,19,17100.0,1.71,6139.215087890625,0.572052001953125,0.35901842619243424,886.2631578947369,1524.578947368421,0,681635.3449510203,141655.87379399585
1819,6481,28,25200.0,2.52,6109.366607666016,0.5238723754882812,0.2424351828438895,1182.7857142857142,1283.5357142857142,0,674404.0479585392,132760.19710226654
1820,6350,12,10800.0,1.08,6095.935821533203,1.9372711181640625,0.5644385019938151,1163.9166666666667,1860.3333333333333,0,691707.9765299677,133326.26853083796
1821,10154,25,22500.0,2.25,6088.774108886719,0.517578125,0.2706121826171875,1716.36,1040.52,0,667113.5765299677,116752.96853083797
1822,8349,20,18000.0,1.8,6071.498107910156,0.6107940673828125,0.33730545043945315,1457.5,1456.7,0,679598.9765299677,124518.76853083796
1823,3417,24,21600.0,2.16,6060.923767089844,0.5173492431640625,0.28059832255045575,634.375,1151.5,0,670442.9765299677,149212.51853083796
1824,8363,20,18000.0,1.8,6023.789978027344,0.675323486328125,0.3346549987792969,1459.65,1293.6,0,674705.9765299677,124454.26853083796
1825,4546,16,14400.0,1.44,6003.609466552734,0.764739990234375,0.4169173240661621,826.5,1393.4375,0,677701.1015299677,143448.76853083796
1826,9942,20,18000.0,1.8,5986.614990234375,0.836212158203125,0.3325897216796875,1686.25,1409.55,0,678184.4765299677,117656.26853083796
1827,7460,44,39600.0,3.96,5954.26025390625,0.5859756469726562,0.150360107421875,1320.7727272727273,1756.6136363636363,0,688596.3856208768,128620.58671265614
1828,4002,11,9900.0,0.99,5948.7945556640625,0.9725799560546875,0.6008883389559659,733.0909090909091,1305.6363636363637,0,675067.0674390587,146251.0412581107
1829,10689,10,9000.0,0.9,5934.992980957031,1.0211181640625,0.6594436645507813,1778.6,822.3,0,660566.9765299677,114885.76853083796
1830,8196,10,9000.0,0.9,5904.917907714844,1.34710693359375,0.6561019897460938,1431.5,1514.8,0,681341.9765299677,125298.76853083796
1831,9027,14,12600.0,1.26,5894.336700439453,0.6255874633789062,0.4678045000348772,1568.5,2199.785714285714,0,701891.5479585391,121188.76853083796
1832,8232,31,27900.0,2.79,5888.356018066406,0.7612075805664062,0.21105218702746975,1440.1612903225807,1662.5483870967741,0,685774.428142871,125038.92982116053
1833,9253,10,9000.0,0.9,5865.655517578125,1.1346435546875,0.651739501953125,1595.3,1779.4,0,689279.9765299677,120384.76853083796
1834,9447,10,9000.0,0.9,5850.068664550781,1.0175552368164062,0.6500076293945313,1620.3,102.9,0,638984.9765299677,119634.76853083796
1835,8210,11,9900.0,0.99,5842.989349365234,1.1282119750976562,0.5902009443803267,1433.090909090909,1644.6363636363637,0,685237.0674390587,125251.0412581107
1836,3815,24,21600.0,2.16,5834.337615966797,0.5943756103515625,0.2701082229614258,698.3333333333334,2066.2083333333335,0,697884.2265299677,147293.76853083796
1837,665,19,17100.0,1.71,5795.391082763672,0.6433792114257812,0.33891175922594574,132.31578947368422,2175.5263157894738,0,701163.766003652,164274.29484662742
1838,3993,25,22500.0,2.25,5791.950988769531,0.5094146728515625,0.2574200439453125,734.32,1835.44,0,690961.1765299677,146214.16853083795
1839,7753,16,14400.0,1.44,5774.702453613281,0.707000732421875,0.40102100372314453,1365.875,1486.3125,0,680487.3515299677,127267.51853083796
1840,10410,20,18000.0,1.8,5770.994567871094,0.623321533203125,0.32061080932617186,1748.5,925.5,0,663662.9765299677,115788.76853083796
1841,6287,17,15300.0,1.53,5769.0582275390625,0.76300048828125,0.3770626292509191,1155.1176470588234,1530.1764705882354,0,681803.2706476148,133590.23911907326
1842,4335,16,14400.0,1.44,5732.240295410156,0.977142333984375,0.3980722427368164,789.25,1564.5625,0,682834.8515299677,144566.26853083796
1843,2438,10,9000.0,0.9,5727.9144287109375,1.3770217895507812,0.6364349365234375,476.7,1427.9,0,678734.9765299677,153942.76853083796
1844,6926,25,22500.0,2.25,5719.036102294922,0.5185699462890625,0.25417938232421877,1240.36,1692.04,0,686659.1765299677,131032.96853083797
1845,10311,15,13500.0,1.35,5691.082763671875,0.903472900390625,0.4215616861979167,1736.8666666666666,1832.3333333333333,0,690867.9765299677,116137.76853083796
1846,7052,18,16200.0,1.62,5687.8692626953125,0.7400054931640625,0.3511030409071181,1262.111111111111,1019.1666666666666,0,666472.9765299677,130380.43519750462
1847,1490,25,22500.0,2.25,5675.804901123047,0.7922744750976562,0.25225799560546874,281.64,1131.68,0,669848.3765299678,159794.56853083795
1848,11096,20,18000.0,1.8,5674.9053955078125,0.8410491943359375,0.31527252197265626,1828.65,1148.6,0,670355.9765299677,113384.26853083796
1849,3053,11,9900.0,0.99,5665.120697021484,0.9893569946289062,0.572234413840554,577.9090909090909,1569.3636363636363,0,682978.8856208768,150906.49580356522
1850,8082,14,12600.0,1.26,5663.692474365234,1.0652236938476562,0.4494994027273996,1416.5,1102.7142857142858,0,668979.4051013963,125748.76853083796
1851,3567,22,19800.0,1.98,5653.076934814453,0.6157913208007812,0.28550893610174005,658.1818181818181,1071.7727272727273,0,668051.1583481495,148498.31398538343
1852,9737,11,9900.0,0.99,5649.595642089844,1.3301849365234375,0.5706662264737216,1657.090909090909,998.6363636363636,0,665857.0674390587,118531.0412581107
1853,11089,12,10800.0,1.08,5634.2010498046875,1.296600341796875,0.5216852823893229,1827.5833333333333,1333.0,0,675887.9765299677,113416.26853083796
1854,289,12,10800.0,1.08,5610.106658935547,1.9865188598632812,0.5194543202718099,57.5,1432.5833333333333,0,678875.4765299677,166518.76853083796
1855,6016,28,25200.0,2.52,5585.6964111328125,0.5159225463867188,0.22165461948939733,1112.107142857143,2136.1785714285716,0,699983.3336728249,134880.55424512367
1856,1186,14,12600.0,1.26,5579.241943359375,0.986328125,0.44279697963169645,218.92857142857142,1934.4285714285713,0,693930.8336728249,161675.91138798083
1857,9796,10,9000.0,0.9,5538.153076171875,1.1694183349609375,0.615350341796875,1666.7,1309.0,0,675167.9765299677,118242.76853083796
1858,849,17,15300.0,1.53,5536.814117431641,0.71942138671875,0.3618832756491268,162.58823529411765,1535.1764705882354,0,681953.2706476148,163366.12147201443
1859,6778,21,18900.0,1.89,5513.502502441406,0.7644500732421875,0.29171970912388395,1218.2857142857142,1856.8095238095239,0,691602.2622442534,131695.19710226654
1860,9233,13,11700.0,1.17,5493.672180175781,0.771270751953125,0.4695446307842548,1593.3076923076924,1263.2307692307693,0,673794.8996068909,120444.53776160718
1861,9538,18,16200.0,1.62,5476.57470703125,0.579437255859375,0.3380601671006944,1631.5,1763.2222222222222,0,688794.6431966344,119298.76853083796
1862,10648,24,21600.0,2.16,5473.8555908203125,0.5250244140625,0.2534192403157552,1775.5416666666667,869.875,0,661994.2265299677,114977.51853083796
1863,10769,19,17100.0,1.71,5466.838073730469,0.6578903198242188,0.3196981329666941,1788.8947368421052,2250.7368421052633,0,703420.0817931256,114576.92642557481
1864,7459,14,12600.0,1.26,5436.028289794922,0.74676513671875,0.4314308166503906,1320.357142857143,1450.142857142857,0,679402.2622442534,128633.05424512367
1865,71,12,10800.0,1.08,5424.005126953125,0.948760986328125,0.5022226969401041,13.583333333333334,1425.75,0,678670.4765299677,167836.26853083796
1866,6355,13,11700.0,1.17,5417.736053466797,0.9690628051757812,0.4630543635441707,1164.4615384615386,1352.8461538461538,0,676483.3611453524,133309.9223769918
1867,7700,17,15300.0,1.53,5401.943206787109,0.6548004150390625,0.35306818345013785,1357.0,1074.8235294117646,0,668142.6824123206,127533.76853083796
1868,7873,19,17100.0,1.71,5401.2359619140625,0.564208984375,0.3158617521587171,1382.0,1656.7894736842106,0,685601.660740494,126783.76853083796
1869,4921,14,12600.0,1.26,5393.1610107421875,0.81927490234375,0.42802865164620535,897.2142857142857,1446.5714285714287,0,679295.1193871106,141327.33995940938
1870,6644,12,10800.0,1.08,5391.705322265625,0.796905517578125,0.4992319742838542,1202.25,1681.0,0,686327.9765299677,132176.26853083796
1871,4334,23,20700.0,2.07,5382.895660400391,0.5096054077148438,0.26004326861837634,789.695652173913,2140.2608695652175,0,700105.8026169243,144552.89896562055
1872,6042,30,27000.0,2.7,5378.535461425781,0.5113983154296875,0.19920501708984376,1115.2,1978.2,0,695243.9765299677,134787.76853083796
1873,8839,12,10800.0,1.08,5368.194580078125,0.812744140625,0.4970550537109375,1542.5,1447.3333333333333,0,679317.9765299677,121968.76853083796
1874,9911,13,11700.0,1.17,5367.645263671875,0.8165283203125,0.45877309945913464,1682.2307692307693,1215.8461538461538,0,672373.3611453524,117776.84545391488
1875,4552,11,9900.0,0.99,5345.878601074219,1.4082565307617188,0.5399877374822443,826.9090909090909,1483.090909090909,0,680390.703802695,143436.49580356522
1876,9182,13,11700.0,1.17,5328.582000732422,0.714874267578125,0.4554343590369591,1587.1538461538462,2153.923076923077,0,700515.66883766,120629.15314622258
1877,1098,15,13500.0,1.35,5286.676025390625,0.8968582153320312,0.39160563151041666,205.73333333333332,1921.9333333333334,0,693555.9765299677,162071.76853083796
1878,1926,15,13500.0,1.35,5277.227783203125,0.7946014404296875,0.39090576171875,373.1333333333333,97.13333333333334,0,638811.9765299677,157049.76853083796
1879,1649,10,9000.0,0.9,5240.863037109375,0.7664642333984375,0.582318115234375,310.5,2294.8,0,704741.9765299677,158928.76853083796
1880,1572,14,12600.0,1.26,5221.918487548828,0.9475936889648438,0.4144379752022879,296.07142857142856,1126.9285714285713,0,669705.8336728249,159361.6256736951
1881,1276,19,17100.0,1.71,5197.645568847656,0.6364288330078125,0.3039558812191612,236.68421052631578,1502.2631578947369,0,680965.8712668099,161143.2422150485
1882,1881,17,15300.0,1.53,5183.665466308594,0.5295333862304688,0.33880166446461396,364.11764705882354,792.0588235294117,0,659659.7412358501,157320.23911907326
1883,4877,24,21600.0,2.16,5165.1947021484375,0.5169296264648438,0.23912938435872397,889.4583333333334,1378.0416666666667,0,677239.2265299677,141560.01853083796
1884,4839,18,16200.0,1.62,5149.697113037109,0.724151611328125,0.3178825378417969,880.7777777777778,1509.111111111111,0,681171.3098633011,141820.43519750462
1885,9140,13,11700.0,1.17,5094.593811035156,0.8327484130859375,0.4354353684645433,1581.1538461538462,1811.7692307692307,0,690251.0534530446,120809.15314622258
1886,4117,15,13500.0,1.35,5069.20166015625,0.7079925537109375,0.3754964192708333,754.0,1140.9333333333334,0,670125.9765299677,145623.76853083796
1887,7966,12,10800.0,1.08,5065.940093994141,0.9027252197265625,0.4690685272216797,1395.6666666666667,1231.0833333333333,0,672830.4765299677,126373.76853083796
1888,1269,14,12600.0,1.26,5029.122161865234,0.7525558471679688,0.3991366795131138,233.07142857142858,1933.142857142857,0,693892.2622442534,161251.6256736951
1889,1439,20,18000.0,1.8,5022.0703125,0.6546707153320312,0.27900390625,268.1,129.55,0,639784.4765299677,160200.76853083796
1890,5069,12,10800.0,1.08,5005.913543701172,1.014129638671875,0.46351051330566406,923.1666666666666,2029.8333333333333,0,696792.9765299677,140548.76853083796
1891,3910,10,9000.0,0.9,4970.125579833984,1.0538482666015625,0.5522361755371094,715.3,1836.2,0,690983.9765299677,146784.76853083796
1892,4883,13,11700.0,1.17,4965.943908691406,0.7069473266601562,0.4244396503155048,891.6923076923077,60.76923076923077,0,637721.0534530446,141492.99930006874
1893,8202,13,11700.0,1.17,4935.978698730469,1.033355712890625,0.4218785212590144,1434.6923076923076,132.46153846153845,0,639871.8226838139,125202.99930006874
1894,7100,12,10800.0,1.08,4873.665618896484,0.7631149291992188,0.4512653350830078,1267.9166666666667,1635.25,0,684955.4765299677,130206.26853083796
1895,7911,14,12600.0,1.26,4843.6248779296875,0.7742843627929688,0.3844146728515625,1388.0714285714287,1598.2857142857142,0,683846.5479585392,126601.62567369509
1896,7843,23,20700.0,2.07,4829.390716552734,0.6097183227539062,0.23330389935037363,1379.4347826086957,210.2608695652174,0,642205.8026169243,126860.7250525771
1897,1221,11,9900.0,0.99,4828.113555908203,0.746826171875,0.4876882379705256,225.0909090909091,762.9090909090909,0,658785.2492572404,161491.0412581107
1898,4081,11,9900.0,0.99,4825.154113769531,1.0009002685546875,0.4873893044211648,748.0909090909091,1534.8181818181818,0,681942.5219845132,145801.0412581107
1899,10700,10,9000.0,0.9,4823.176574707031,0.9883270263671875,0.5359085083007813,1779.7,1209.2,0,672173.9765299677,114852.76853083796
1900,5722,18,16200.0,1.62,4816.701507568359,0.61566162109375,0.29732725355360246,1050.888888888889,1745.6666666666667,0,688267.9765299677,136717.1018641713
1901,2351,11,9900.0,0.99,4813.343811035156,1.1040802001953125,0.4861963445490057,466.1818181818182,27.727272727272727,0,636729.794711786,154258.3139853834
1902,6717,15,13500.0,1.35,4813.199615478516,0.5843887329101562,0.3565333048502604,1210.9333333333334,1148.0,0,670337.9765299677,131915.76853083796
1903,9518,15,13500.0,1.35,4787.9791259765625,0.9384689331054688,0.3546651204427083,1629.5333333333333,96.53333333333333,0,638793.9765299677,119357.76853083796
1904,3470,12,10800.0,1.08,4782.499694824219,1.0995254516601562,0.4428240458170573,642.75,1494.0,0,680717.9765299677,148961.26853083796
1905,4132,12,10800.0,1.08,4756.709289550781,1.0754165649414062,0.44043604532877606,755.1666666666666,1475.0833333333333,0,680150.4765299677,145588.76853083796
1906,11105,12,10800.0,1.08,4745.640563964844,0.98974609375,0.4394111633300781,1832.0833333333333,911.0833333333334,1,663230.4765299677,113281.26853083796
1907,5947,13,11700.0,1.17,4730.829620361328,0.775390625,0.4043444119966947,1098.2307692307693,1516.3076923076924,0,681387.2072991985,135296.8454539149
1908,10513,12,10800.0,1.08,4708.499908447266,1.0800628662109375,0.4359722137451172,1758.6666666666667,35.5,0,636962.9765299677,115483.76853083796
1909,9337,18,16200.0,1.62,4707.133483886719,0.5316619873046875,0.29056379530164933,1606.888888888889,1167.7222222222222,0,670929.6431966344,120037.1018641713
1910,2537,15,13500.0,1.35,4702.498626708984,0.5919570922851562,0.3483332316080729,493.2,1252.4666666666667,0,673471.9765299677,153447.76853083796
1911,4990,14,12600.0,1.26,4633.161163330078,0.5984954833984375,0.3677112034388951,909.7857142857143,2018.0,0,696437.9765299677,140950.19710226654
1912,803,13,11700.0,1.17,4604.019927978516,0.888641357421875,0.39350597675030047,154.76923076923077,1670.0,0,685997.9765299677,163600.69160776102
1913,7910,10,9000.0,0.9,4585.102844238281,0.9268646240234375,0.5094558715820312,1388.0,1549.1,0,682370.9765299677,126603.76853083796
1914,6324,17,15300.0,1.53,4562.855529785156,0.6164474487304688,0.29822585161994486,1161.5294117647059,2261.4117647058824,0,703740.3294711442,133397.88617789678
1915,1043,13,11700.0,1.17,4557.836151123047,0.7076339721679688,0.3895586453951322,193.07692307692307,1155.3846153846155,0,670559.5149915062,162451.46083853027
1916,2267,16,14400.0,1.44,4554.203796386719,0.7949142456054688,0.31626415252685547,443.75,1967.0,0,694907.9765299677,154931.26853083796
1917,1053,13,11700.0,1.17,4545.661926269531,0.7933731079101562,0.3885181133563702,195.15384615384616,1384.5384615384614,0,677434.1303761216,162389.15314622258
1918,10846,19,17100.0,1.71,4536.625671386719,0.660888671875,0.2652997468647204,1799.7368421052631,730.8421052631579,0,657823.2396878625,114251.66326768007
1919,10368,14,12600.0,1.26,4510.780334472656,0.769195556640625,0.3579984392438616,1743.5714285714287,938.3571428571429,0,664048.690815682,115936.62567369509
1920,10482,17,15300.0,1.53,4446.4141845703125,0.5964202880859375,0.2906153061810662,1754.5294117647059,1219.5882352941176,0,672485.6235887912,115607.88617789678
1921,8050,19,17100.0,1.71,4426.570129394531,0.5704498291015625,0.25886375025699015,1412.2631578947369,1474.842105263158,0,680143.2396878625,125875.87379399585
1922,8873,14,12600.0,1.26,4411.429595947266,0.6197967529296875,0.3501134599958147,1547.9285714285713,2077.5714285714284,0,698225.1193871106,121805.91138798083
1923,7530,17,15300.0,1.53,4396.6461181640625,0.5584564208984375,0.2873624913832721,1329.235294117647,1450.8235294117646,0,679422.6824123206,128366.70970730855
1924,9268,14,12600.0,1.26,4358.585357666016,0.66650390625,0.3459194728306362,1597.7857142857142,844.7142857142857,0,661239.4051013963,120310.19710226654
1925,3603,12,10800.0,1.08,4345.0653076171875,0.8679885864257812,0.40232086181640625,664.6666666666666,1521.5,0,681542.9765299677,148303.76853083796
1926,3350,12,10800.0,1.08,4344.962310791016,0.9712142944335938,0.4023113250732422,623.9166666666666,1560.25,0,682705.4765299677,149526.26853083796
1927,8377,10,9000.0,0.9,4332.7880859375,0.70013427734375,0.4814208984375,1459.1,1724.0,0,687617.9765299677,124470.76853083796
1928,7983,14,12600.0,1.26,4326.951599121094,0.5367507934570312,0.3434088570731027,1398.7142857142858,1260.9285714285713,0,673725.8336728249,126282.33995940938
1929,1463,13,11700.0,1.17,4321.863555908203,0.6051101684570312,0.3693900475135216,272.61538461538464,1937.2307692307693,0,694014.8996068909,160065.30699237643
1930,3415,11,9900.0,0.99,4298.606872558594,0.764068603515625,0.43420271439985797,633.0909090909091,2144.3636363636365,0,700228.8856208768,149251.0412581107
1931,8296,19,17100.0,1.71,4274.684143066406,0.54742431640625,0.24998152883429275,1448.1052631578948,1440.5263157894738,0,679113.766003652,124800.6106361011
1932,3252,11,9900.0,0.99,4264.851379394531,0.92047119140625,0.4307930686257102,608.2727272727273,1555.8181818181818,0,682572.5219845132,149995.58671265614
1933,7703,18,16200.0,1.62,4259.440612792969,0.6006622314453125,0.26292843288845485,1357.5555555555557,1411.888888888889,0,678254.6431966344,127517.10186417129
1934,1599,11,9900.0,0.99,4250.596618652344,0.67218017578125,0.42935319380326703,301.72727272727275,1735.090909090909,0,687950.703802695,159191.95034901978
1935,5046,15,13500.0,1.35,4219.264984130859,0.5658187866210938,0.31253814697265625,918.3333333333334,1881.7333333333333,0,692349.9765299677,140693.76853083796
1936,4027,11,9900.0,0.99,4181.011962890625,0.56402587890625,0.4223244406960227,740.5454545454545,92.45454545454545,0,638671.6128936041,146027.4048944743
1937,6893,16,14400.0,1.44,4168.4600830078125,0.6080551147460938,0.2894763946533203,1234.75,1876.875,0,692204.2265299677,131201.26853083796
1938,1660,12,10800.0,1.08,4149.172210693359,0.6117782592773438,0.384182612101237,314.0833333333333,241.58333333333334,0,643145.4765299677,158821.26853083796
1939,3589,10,9000.0,0.9,4145.052337646484,0.8049392700195312,0.46056137084960935,661.8,1067.1,0,667910.9765299677,148389.76853083796
1940,9597,11,9900.0,0.99,4139.8406982421875,0.8138198852539062,0.41816572709517047,1638.0,2125.5454545454545,0,699664.3401663314,119103.76853083796
1941,757,17,15300.0,1.53,4134.086608886719,0.6860198974609375,0.2702017391429228,147.2941176470588,1762.235294117647,0,688765.0353534971,163824.94500142618
1942,861,13,11700.0,1.17,4118.829345703125,0.615814208984375,0.3520366962139423,163.92307692307693,666.8461538461538,0,655903.3611453524,163326.07622314565
1943,613,11,9900.0,0.99,4068.7728881835938,0.5724105834960938,0.4109871604225852,120.72727272727273,1691.0,0,686627.9765299677,164621.95034901978
1944,4168,10,9000.0,0.9,4065.1611328125,0.6430511474609375,0.4516845703125,760.2,1842.5,0,691172.9765299677,145437.76853083796
1945,1814,10,9000.0,0.9,4064.0281677246094,0.6847915649414062,0.45155868530273435,345.8,1118.2,0,669443.9765299677,157869.76853083796
1946,2128,18,16200.0,1.62,4059.7434997558594,0.5374603271484375,0.25060145060221356,415.1111111111111,2254.8888888888887,0,703544.6431966344,155790.43519750462
1947,8246,12,10800.0,1.08,4054.6005249023438,0.587799072265625,0.3754259745279948,1438.8333333333333,1692.8333333333333,0,686682.9765299677,125078.76853083796
1948,6601,10,9000.0,0.9,4046.9924926757812,0.8211822509765625,0.44966583251953124,1195.7,1845.7,0,691268.9765299677,132372.76853083796
1949,8122,10,9000.0,0.9,4029.5860290527344,0.7859268188476562,0.44773178100585936,1420.0,1630.6,0,684815.9765299677,125643.76853083796
1950,5051,11,9900.0,0.99,4019.3687438964844,0.6662063598632812,0.4059968428178267,920.1818181818181,1292.5454545454545,0,674674.3401663314,140638.31398538343
1951,2959,17,15300.0,1.53,3996.984100341797,0.962066650390625,0.26124079087201285,561.7647058823529,1515.1176470588234,0,681351.5059417324,151390.82735436736
1952,10428,12,10800.0,1.08,3992.486572265625,0.7591552734375,0.3696746826171875,1749.0,84.5,0,638432.9765299677,115773.76853083796
1953,3757,11,9900.0,0.99,3983.4434509277344,0.532867431640625,0.4023680253462358,689.0,1446.7272727272727,0,679299.794711786,147573.76853083796
1954,4399,12,10800.0,1.08,3974.6063232421875,0.7840042114257812,0.36801910400390625,801.1666666666666,1569.5833333333333,0,682985.4765299677,144208.76853083796
1955,2173,15,13500.0,1.35,3970.5345153808594,0.535247802734375,0.2941136678059896,424.73333333333335,742.5333333333333,0,658173.9765299677,155501.76853083796
1956,3793,14,12600.0,1.26,3958.4976196289062,0.6876068115234375,0.3141664777483259,693.2142857142857,1601.5,0,683942.9765299677,147447.33995940938
1957,751,18,16200.0,1.62,3952.11181640625,0.5736160278320312,0.24395751953125,146.55555555555554,1698.7777777777778,0,686861.3098633011,163847.1018641713
1958,10433,12,10800.0,1.08,3948.8365173339844,0.7484588623046875,0.3656330108642578,1749.8333333333333,777.3333333333334,0,659217.9765299677,115748.76853083796
1959,4387,10,9000.0,0.9,3940.90576171875,0.6912002563476562,0.43787841796875,798.1,250.1,0,643400.9765299677,144300.76853083796
1960,7874,12,10800.0,1.08,3901.966094970703,0.8016128540039062,0.36129315694173175,1381.8333333333333,1675.0833333333333,0,686150.4765299677,126788.76853083796
1961,2704,10,9000.0,0.9,3893.3486938476562,0.7929916381835938,0.43259429931640625,519.9,1405.3,0,678056.9765299677,152646.76853083796
1962,8071,11,9900.0,0.99,3887.0590209960938,0.9454345703125,0.3926322243430398,1413.8181818181818,1516.909090909091,0,681405.2492572404,125829.2230762925
1963,10597,12,10800.0,1.08,3877.521514892578,0.6256027221679688,0.35902976989746094,1767.5,197.5,0,641822.9765299677,115218.76853083796
1964,8379,11,9900.0,0.99,3874.2530822753906,0.749420166015625,0.3913386951793324,1460.0,1012.5454545454545,0,666274.3401663314,124443.76853083796
1965,8079,12,10800.0,1.08,3869.542694091797,0.713836669921875,0.3582909901936849,1415.5833333333333,1651.25,0,685435.4765299677,125776.26853083796
1966,1919,14,12600.0,1.26,3835.814666748047,0.507965087890625,0.3044297354561942,370.2857142857143,1191.2142857142858,0,671634.4051013963,157135.19710226654
1967,7327,15,13500.0,1.35,3818.7103271484375,0.5647125244140625,0.282867431640625,1302.2,1407.9333333333334,0,678135.9765299677,129177.76853083796
1968,8305,13,11700.0,1.17,3761.6775512695312,0.9803085327148438,0.32151090181790865,1448.6153846153845,1624.6923076923076,0,684638.745760737,124785.30699237643
1969,2007,12,10800.0,1.08,3631.2217712402344,0.5089035034179688,0.3362242380777995,388.4166666666667,299.8333333333333,0,644892.9765299677,156591.26853083796
1970,10386,10,9000.0,0.9,3624.6780395507812,0.887176513671875,0.40274200439453123,1744.3,2280.8,0,704321.9765299677,115914.76853083796
1971,10665,12,10800.0,1.08,3614.5156860351562,0.6057281494140625,0.33467737833658856,1776.75,1123.75,0,669610.4765299677,114941.26853083796
1972,3712,16,14400.0,1.44,3610.5056762695312,0.780426025390625,0.2507295608520508,682.3125,1526.375,0,681689.2265299677,147774.39353083796
1973,2476,20,18000.0,1.8,3608.5899353027344,0.8736419677734375,0.2004772186279297,484.5,1795.3,0,689756.9765299677,153708.76853083796
1974,8230,11,9900.0,0.99,3603.8726806640625,0.615081787109375,0.36402754350142047,1438.090909090909,1479.8181818181818,0,680292.5219845132,125101.0412581107
1975,9957,11,9900.0,0.99,3583.142852783203,0.5407943725585938,0.36193362149325287,1687.5454545454545,2320.818181818182,0,705522.5219845132,117617.40489447433
1976,7208,14,12600.0,1.26,3572.582244873047,0.7152938842773438,0.2835382734026228,1283.9285714285713,1655.5,0,685562.9765299677,129725.91138798083
1977,4384,11,9900.0,0.99,3556.1302185058594,1.0642166137695312,0.3592050725763494,797.6363636363636,1919.1818181818182,0,693473.4310754223,144314.67762174705
1978,2843,14,12600.0,1.26,3515.906524658203,0.539581298828125,0.2790402003696987,544.4285714285714,1578.5714285714287,0,683255.1193871106,151910.91138798083
1979,8402,12,10800.0,1.08,3510.24169921875,0.5195465087890625,0.3250223795572917,1464.0833333333333,2303.3333333333335,0,704997.9765299677,124321.26853083796
1980,10059,12,10800.0,1.08,3506.2591552734375,0.7325515747070312,0.32465362548828125,1700.6666666666667,891.8333333333334,0,662652.9765299677,117223.76853083796
1981,6139,11,9900.0,0.99,3500.8621215820312,0.7764205932617188,0.3536224365234375,1129.090909090909,1236.5454545454545,0,672994.3401663314,134371.0412581107
1982,2958,11,9900.0,0.99,3485.1036071777344,0.8444747924804688,0.35203066739169037,563.0909090909091,1434.0,0,678917.9765299677,151351.0412581107
1983,7423,11,9900.0,0.99,3461.1671447753906,0.7998046875,0.3496128429066051,1314.7272727272727,1279.4545454545455,0,674281.6128936041,128801.95034901978
1984,1280,10,9000.0,0.9,3441.961669921875,0.72393798828125,0.382440185546875,237.0,1524.1,0,681620.9765299677,161133.76853083796
1985,6841,13,11700.0,1.17,3411.090087890625,0.7252426147460938,0.2915461613581731,1228.1538461538462,1404.5384615384614,0,678034.1303761216,131399.15314622258
1986,1346,13,11700.0,1.17,3373.3932495117188,0.526641845703125,0.28832420935997594,247.3846153846154,1496.6923076923076,0,680798.745760737,160822.2300692995
1987,1092,15,13500.0,1.35,3282.5843811035156,0.5347671508789062,0.24315439860026042,203.66666666666666,1452.8,0,679481.9765299677,162133.76853083796
1988,10415,11,9900.0,0.99,3279.6798706054688,0.624908447265625,0.3312807950106534,1747.6363636363637,1762.5454545454545,0,688774.3401663314,115814.67762174705
1989,7861,12,10800.0,1.08,3276.4320373535156,0.6514205932617188,0.3033733367919922,1380.3333333333333,1093.75,0,668710.4765299677,126833.76853083796
1990,3856,10,9000.0,0.9,3240.2732849121094,0.8341522216796875,0.3600303649902344,704.3,1592.7,0,683678.9765299677,147114.76853083796
1991,9884,11,9900.0,0.99,3206.7169189453125,0.5437545776367188,0.3239107998934659,1676.5454545454545,872.2727272727273,0,662066.1583481495,117947.40489447433
1992,1234,11,9900.0,0.99,3198.834228515625,0.7157516479492188,0.3231145685369318,226.54545454545453,1510.1818181818182,0,681203.4310754223,161447.4048944743
1993,703,10,9000.0,0.9,3157.8689575195312,0.8502273559570312,0.35087432861328127,137.2,1766.5,0,688892.9765299677,164127.76853083796
1994,3669,12,10800.0,1.08,3149.114227294922,0.5533676147460938,0.29158465067545575,675.3333333333334,2021.0833333333333,0,696530.4765299677,147983.76853083796
1995,490,11,9900.0,0.99,3103.301239013672,0.6706619262695312,0.3134647716175426,98.36363636363636,1510.3636363636363,0,681208.8856208768,165292.85943992887
1996,7739,11,9900.0,0.99,3098.529052734375,0.73388671875,0.3129827325994318,1363.1818181818182,1416.1818181818182,0,678383.4310754223,127348.31398538341
1997,1292,12,10800.0,1.08,3082.4546813964844,0.5640029907226562,0.2854124704996745,238.0,1559.0,0,682667.9765299677,161103.76853083796
1998,9442,16,14400.0,1.44,3048.6099243164062,0.5147552490234375,0.21170902252197266,1618.6875,1281.625,0,674346.7265299677,119683.14353083796
1999,8287,11,9900.0,0.99,3013.5360717773438,0.560821533203125,0.3043975830078125,1447.6363636363637,1672.090909090909,0,686060.703802695,124814.67762174705
2000,10207,11,9900.0,0.99,3000.7644653320312,0.6217803955078125,0.3031075217507102,1725.0,771.0909090909091,0,659030.703802695,116493.76853083796
2001,6942,11,9900.0,0.99,2991.8380737304688,0.6030960083007812,0.3022058660333807,1244.0,1923.5454545454545,0,693604.3401663314,130923.76853083796
2002,10821,10,9000.0,0.9,2990.636444091797,0.6137313842773438,0.3322929382324219,1794.9,18.2,0,636443.9765299677,114396.76853083796
2003,1612,11,9900.0,0.99,2987.8623962402344,0.5300064086914062,0.30180428244850854,305.72727272727275,1129.909090909091,0,669795.2492572404,159071.95034901978
2004,637,10,9000.0,0.9,2945.4139709472656,0.7594146728515625,0.3272682189941406,126.3,1137.7,0,670028.9765299677,164454.76853083796
2005,5786,14,12600.0,1.26,2936.322784423828,0.5023040771484375,0.23304149082728795,1062.642857142857,1768.357142857143,0,688948.690815682,136364.48281655225
2006,10453,11,9900.0,0.99,2846.66748046875,0.615570068359375,0.2875421697443182,1750.6363636363637,1238.909090909091,0,673065.2492572404,115724.67762174705
2007,735,12,10800.0,1.08,2832.941436767578,0.5338363647460938,0.26230939229329425,142.75,1537.1666666666667,0,682012.9765299677,163961.26853083796
2008,6737,15,13500.0,1.35,2789.5523071289062,0.5963058471679688,0.20663350423177082,1213.3333333333333,1302.0666666666666,0,674959.9765299677,131843.76853083796
2009,7097,12,10800.0,1.08,2775.922393798828,0.5953140258789062,0.25702985127766925,1267.1666666666667,2295.6666666666665,0,704767.9765299677,130228.76853083796
2010,6982,11,9900.0,0.99,2770.8206176757812,0.5234146118164062,0.27988087047230115,1250.8181818181818,1361.4545454545455,0,676741.6128936041,130719.2230762925
2011,1873,10,9000.0,0.9,2748.5595703125,0.62451171875,0.3053955078125,362.7,1186.7,0,671498.9765299677,157362.76853083796
2012,4278,14,12600.0,1.26,2722.1923828125,0.5078353881835938,0.21604701450892858,780.5,1517.5714285714287,0,681425.1193871106,144828.76853083796
2013,6687,11,9900.0,0.99,2697.1572875976562,0.6393203735351562,0.2724401300603693,1205.8181818181818,1828.090909090909,0,690740.703802695,132069.2230762925
2014,8083,11,9900.0,0.99,2673.358154296875,0.621002197265625,0.27003617720170453,1415.4545454545455,1109.5454545454545,0,669184.3401663314,125780.13216720159
2015,2660,10,9000.0,0.9,2664.0884399414062,0.5,0.29600982666015624,510.9,823.3,0,660596.9765299677,152916.76853083796
2016,368,11,9900.0,0.99,2640.1382446289062,0.5841293334960938,0.2666806307705966,73.0909090909091,2018.1818181818182,0,696443.4310754223,166051.0412581107
2017,3338,10,9000.0,0.9,2587.1017456054688,0.5119171142578125,0.28745574951171876,622.2,1503.3,0,680996.9765299677,149577.76853083796
2018,7712,10,9000.0,0.9,2430.8143615722656,0.6399917602539062,0.27009048461914065,1359.0,937.1,0,664010.9765299677,127473.76853083796
2019,9044,10,9000.0,0.9,2265.1611328125,0.5852203369140625,0.2516845703125,1570.9,1089.7,0,668588.9765299677,121116.76853083796
2020,2666,10,9000.0,0.9,2256.866455078125,0.6492996215820312,0.250762939453125,511.7,1494.3,0,680726.9765299677,152892.76853083796
2021,7759,11,9900.0,0.99,2246.7178344726562,0.55126953125,0.2269411954012784,1367.090909090909,1875.0,0,692147.9765299677,127231.0412581107
2022,8559,10,9000.0,0.9,2201.0833740234375,0.5783538818359375,0.2445648193359375,1491.8,900.5,0,662912.9765299677,123489.76853083796
2023,6436,10,9000.0,0.9,2164.904022216797,0.5782394409179688,0.24054489135742188,1172.4,1446.1,0,679280.9765299677,133071.76853083796
2024,3310,12,10800.0,1.08,2116.9898986816406,0.6875991821289062,0.19601758321126303,619.0833333333334,1510.8333333333333,0,681222.9765299677,149671.26853083796
2025,2900,10,9000.0,0.9,2104.2320251464844,0.6016693115234375,0.23380355834960936,554.7,1516.0,0,681377.9765299677,151602.76853083796
